,Name,Type 1,Type 2,HP,Attack,Defense,Sp. Atk,Sp. Def,Speed,Generation,Legendary,Evolution,Total
0,sdv-id-TYgetX,Grass,,59,82,70,24,69,54,5,False,1.0,358
1,sdv-id-BiHxXE,Ghost,Dragon,94,59,85,92,109,46,3,False,2.0,485
2,sdv-id-vYncdz,Ghost,,53,60,88,32,191,28,4,False,1.0,452
3,sdv-id-qLyWiw,Bug,Psychic,100,106,45,64,97,87,1,False,2.0,499
4,sdv-id-EPvZDz,Dragon,Psychic,153,96,43,175,126,127,5,True,0.0,720
5,sdv-id-tlLRKs,Bug,Flying,85,83,103,51,62,71,1,False,2.0,455
6,sdv-id-hhFzEL,Rock,Ghost,41,17,48,52,38,97,4,False,2.0,293
7,sdv-id-QuoAbl,Ghost,,87,47,108,119,80,59,4,False,3.0,500
8,sdv-id-qRzsfx,Psychic,Fighting,60,92,91,43,81,38,3,False,0.0,405
9,sdv-id-yXfCCT,Ground,,32,5,50,10,52,23,6,False,1.0,172
10,sdv-id-YYxEzj,Ice,,38,93,51,72,160,19,3,False,1.0,433
11,sdv-id-UKMMbU,Grass,,102,131,81,83,80,101,2,False,3.0,578
12,sdv-id-pkbaxp,Grass,,72,49,50,115,73,100,3,False,2.0,459
13,sdv-id-dMSzkQ,Rock,Ghost,87,121,90,108,106,122,3,True,5.0,634
14,sdv-id-BjHEBO,Grass,Flying,74,91,134,47,76,57,5,False,1.0,479
15,sdv-id-cWqXdf,Normal,,64,99,66,36,73,92,3,False,5.0,430
16,sdv-id-AuNIzX,Fire,,97,85,76,95,65,44,6,False,3.0,462
17,sdv-id-jheUSq,Fairy,Poison,110,91,68,136,68,73,5,False,5.0,546
18,sdv-id-WZhyVh,Ghost,Bug,80,91,53,72,74,147,6,False,1.0,517
19,sdv-id-yBhNyf,Grass,Psychic,66,100,109,84,103,41,6,False,3.0,503
20,sdv-id-nBDZjN,Psychic,Fairy,106,89,59,91,150,40,1,False,0.0,535
21,sdv-id-CsyzVI,Ghost,Flying,112,52,37,128,20,104,1,False,3.0,453
22,sdv-id-oqowGO,Fairy,,97,89,70,35,90,55,2,False,2.0,436
23,sdv-id-mcmOsZ,Normal,Psychic,106,112,46,15,100,57,5,False,1.0,436
24,sdv-id-ojgsQu,Water,Ice,37,78,102,95,84,65,4,False,2.0,461
25,sdv-id-lmaczt,Water,Flying,107,123,67,177,83,137,1,True,5.0,694
26,sdv-id-FETfur,Ghost,Dark,87,97,207,137,90,77,6,False,0.0,695
27,sdv-id-ptAGfv,Fighting,,56,106,47,102,70,70,4,False,0.0,451
28,sdv-id-hZernw,Normal,,58,94,79,79,102,121,4,False,1.0,533
29,sdv-id-evgogq,Fairy,Normal,103,63,53,91,144,26,2,False,2.0,480
30,sdv-id-kohUvv,Normal,,40,83,49,91,71,95,6,False,3.0,429
31,sdv-id-BlUhtO,Rock,,85,144,159,158,85,120,1,True,0.0,751
32,sdv-id-GLYRCE,Ghost,,71,55,58,69,77,86,3,False,3.0,416
33,sdv-id-gGttpD,Ground,,45,61,67,43,141,66,2,False,0.0,423
34,sdv-id-RVCNUw,)Normal,Flying,104,80,59,78,40,128,4,False,2.0,489
35,sdv-id-orJJzX,Ground,Poison,57,42,74,23,47,28,5,False,2.0,271
36,sdv-id-GZUdBr,Ground,Grass,111,105,71,58,79,16,3,False,1.0,440
37,sdv-id-FGerIG,Ground,Psychic,45,42,56,147,82,44,3,False,2.0,416
38,sdv-id-oAKOgF,Ice,Steel,63,71,72,99,71,60,5,False,2.0,436
39,sdv-id-YedTAa,Ground,Ground,75,190,82,38,96,78,3,False,2.0,559
40,sdv-id-sHjLgM,Normal,,77,117,80,85,72,103,1,False,0.0,534
41,sdv-id-QwZvVO,Rock,Grass,97,109,108,55,72,54,3,False,1.0,495
42,sdv-id-cZHMny,Bug,Poison,50,56,40,69,20,7,1,False,1.0,242
43,sdv-id-BYwPwu,Ice,,42,89,79,110,73,101,1,True,0.0,494
44,sdv-id-glcoox,Steel,Fire,158,73,73,107,70,142,2,True,0.0,623
45,sdv-id-CDVYEF,Dragon,Poison,74,76,87,136,103,57,3,False,1.0,533
46,sdv-id-irUssO,Bug,Psychic,96,29,75,74,37,11,5,False,1.0,322
47,sdv-id-TxifzE,Steel,,111,52,79,95,101,82,3,False,2.0,520
48,sdv-id-ORMkNF,Electric,Psychic,114,155,70,106,115,65,3,True,0.0,625
49,sdv-id-xaEJtt,Bug,,49,55,59,37,31,38,5,False,1.0,269
50,sdv-id-ReZnNk,Ghost,Ground,124,147,84,70,66,99,3,False,5.0,590
51,sdv-id-UnLsaZ,Water,Flying,129,123,88,130,84,67,4,False,3.0,621
52,sdv-id-rjTEmW,Grass,,100,97,109,48,118,83,2,False,,555
53,sdv-id-skEByp,Ground,,50,85,51,54,46,36,5,False,1.0,322
54,sdv-id-EjCxxC,Normal,Psychic,86,53,70,67,61,47,2,False,2.0,384
55,sdv-id-DKHPlJ,Flying,Dragon,75,90,115,121,100,101,6,True,0.0,602
56,sdv-id-IJHfPg,Ghost,Ground,76,70,52,66,56,26,1,False,1.0,346
57,sdv-id-pmWKmp,Dark,Electric,59,64,66,85,77,118,1,False,1.0,469
58,sdv-id-FFRoqa,Water,Grass,81,65,77,61,98,70,3,False,2.0,452
59,sdv-id-NjyqqI,Fairy,Fighting,100,137,196,112,170,76,5,True,3.0,791
60,sdv-id-ehtVRl,Bug,,54,82,54,61,83,55,6,False,2.0,389
61,sdv-id-UTssqR,Ghost,Steel,48,39,25,26,84,60,4,False,1.0,282
62,sdv-id-GEwtBw,Dark,Psychic,94,66,105,96,131,115,2,False,2.0,607
63,sdv-id-HpzdGj,Psychic,Ghost,47,88,16,72,31,109,2,False,1.0,363
64,sdv-id-CXQLrP,Ice,Dragon,74,111,103,93,86,24,6,False,0.0,491
65,sdv-id-qHZbXX,Grass,Psychic,55,56,72,27,54,45,6,False,2.0,309
66,sdv-id-jiKgvu,Ice,Fairy,35,50,32,42,88,28,4,False,1.0,275
67,sdv-id-kzrnbq,Bug,Psychic,89,73,150,136,95,106,5,True,2.0,649
68,sdv-id-FJrlpY,Bug,,53,60,72,139,84,31,5,False,1.0,439
69,sdv-id-eUiRSu,Dragon,,111,131,68,98,77,111,4,False,0.0,596
70,sdv-id-tNdgLs,Dragon,Steel,103,49,81,83,84,73,5,False,2.0,473
71,sdv-id-DQUBlh,Electric,Normal,74,146,85,53,91,86,5,False,2.0,535
72,sdv-id-PkfQub,Water,Ghost,44,29,45,87,55,115,6,False,1.0,375
73,sdv-id-uAamSk,Fire,Poison,59,61,46,100,91,170,3,False,3.0,527
74,sdv-id-RAyXPW,Ghost,,63,117,103,111,115,41,5,False,0.0,550
75,sdv-id-YVyOJc,Fighting,Fire,99,52,84,79,79,44,5,False,3.0,437
76,sdv-id-WphNNW,Bug,,93,105,93,47,62,77,3,False,2.0,477
77,sdv-id-alBYSf,Dragon,,120,190,52,117,168,107,5,True,0.0,754
78,sdv-id-lBRTpX,Water,Steel,65,108,123,45,87,50,1,False,0.0,478
79,sdv-id-EQKqTF,Normal,,57,14,29,26,50,92,3,False,1.0,268
80,sdv-id-VYUyBq,Ice,Dragon,92,54,112,116,125,91,1,False,5.0,590
81,sdv-id-OdgMvO,Psychic,,77,151,179,133,109,31,5,True,0.0,680
82,sdv-id-jQXydC,Dark,Flying,31,92,46,90,50,93,1,False,0.0,402
83,sdv-id-GtbOel,Normal,,51,48,57,65,20,26,5,False,1.0,267
84,sdv-id-ZpguLc,Normal,,68,69,39,11,25,62,5,False,1.0,274
85,sdv-id-AnQxPF,Normal,,32,17,53,14,62,11,3,False,1.0,189
86,sdv-id-DUhMoi,Normal,Poison,76,114,24,46,58,57,3,False,0.0,375
87,sdv-id-KTDuAw,Fighting,,64,91,104,78,66,51,4,True,0.0,454
88,sdv-id-NIOPpe,Water,Normal,49,26,65,77,128,82,5,False,2.0,427
89,sdv-id-bBLSvP,Ground,,91,77,61,99,100,86,2,False,2.0,514
90,sdv-id-IIeTFG,Grass,,76,36,27,85,60,12,2,False,1.0,296
91,sdv-id-uIpvqQ,Water,Steel,17,59,9,58,33,93,6,False,1.0,269
92,sdv-id-hOqciD,Poison,,29,60,18,44,40,24,6,False,1.0,215
93,sdv-id-QEZlHH,Grass,Psychic,40,64,61,81,56,121,3,False,1.0,423
94,sdv-id-WuiUia,Dragon,,133,55,66,87,64,108,2,False,3.0,513
95,sdv-id-nautbY,Fire,Grass,59,89,51,126,67,91,1,True,5.0,483
96,sdv-id-ainGtV,Steel,Fire,45,63,38,63,60,69,4,False,2.0,338
97,sdv-id-wWeHYy,Water,Water,65,73,69,54,86,63,5,False,1.0,410
98,sdv-id-qVogIx,Normal,,90,143,92,112,158,91,5,True,0.0,686
99,sdv-id-tkcWTS,Psychic,Dragon,127,152,83,112,61,116,1,True,0.0,651
100,sdv-id-JWGjOL,Psychic,Psychic,69,64,52,105,91,120,2,False,0.0,501
101,sdv-id-EYsBjR,Normal,,71,64,16,24,49,89,4,False,0.0,313
102,sdv-id-xdWXKZ,Ghost,Poison,33,16,101,148,107,140,1,False,5.0,545
103,sdv-id-itjkEs,Grass,Flying,99,56,49,145,90,116,5,False,2.0,555
104,sdv-id-MWoeDV,Bug,,56,101,61,67,48,44,4,False,3.0,377
105,sdv-id-rmaRSQ,Water,,12,76,18,130,78,65,5,False,2.0,379
106,sdv-id-eTpJKk,Bug,,78,39,61,85,111,105,2,False,2.0,479
107,sdv-id-rMrWak,Ghost,Fighting,78,98,67,60,59,56,3,False,1.0,418
108,sdv-id-GrgqrK,Fighting,Psychic,67,90,57,102,123,81,4,False,3.0,520
109,sdv-id-bPHfnh,Rock,Flying,66,133,86,119,74,104,2,False,0.0,582
110,sdv-id-HvmQBd,Normal,,17,79,33,23,51,51,1,False,2.0,254
111,sdv-id-jWFcij,Rock,Ice,88,78,138,109,87,38,2,False,2.0,538
112,sdv-id-mhkDsb,Poison,Fairy,84,48,49,45,59,71,5,False,0.0,356
113,sdv-id-pCYIDp,Bug,Flying,57,58,60,55,61,70,4,False,2.0,361
114,sdv-id-iwrRJZ,Bug,,64,55,32,44,61,68,4,False,1.0,324
115,sdv-id-QzrXSM,Fire,Flying,67,55,71,153,36,78,5,False,1.0,460
116,sdv-id-daUERz,Fighting,,38,51,85,20,81,50,4,False,2.0,325
117,sdv-id-trNmRN,Dragon,Psychic,117,121,67,123,117,53,5,False,0.0,598
118,sdv-id-OFTPjR,Fighting,,51,68,91,100,49,35,3,False,1.0,394
119,sdv-id-vuqNnL,Dark,,95,62,67,79,79,28,4,False,3.0,410
120,sdv-id-WzINej,Ground,,26,62,56,32,67,18,5,False,1.0,261
121,sdv-id-uhfvaK,Water,Fighting,82,43,66,172,49,61,5,False,2.0,473
122,sdv-id-GlgiDw,Grass,,83,115,95,140,113,103,1,False,2.0,649
123,sdv-id-keZPuJ,Water,,77,108,72,92,108,51,2,False,2.0,508
124,sdv-id-FoBVxb,Fire,,78,159,173,112,140,78,3,True,0.0,740
125,sdv-id-boUPRG,Psychic,,98,77,68,95,120,98,2,False,0.0,556
126,sdv-id-OwJdgg,Fire,Flying,85,122,46,52,36,75,4,False,2.0,416
127,sdv-id-GcxMbb,Fighting,,50,68,89,151,81,139,5,False,2.0,578
128,sdv-id-YJNhvv,Bug,,34,77,54,49,57,57,6,False,1.0,328
129,sdv-id-DbJljn,Steel,Poison,75,109,99,86,186,61,4,False,2.0,616
130,sdv-id-CTdqPm,Dragon,,81,184,55,111,71,94,3,False,2.0,596
131,sdv-id-OklNGG,Bug,Grass,67,45,83,49,84,60,3,False,3.0,388
132,sdv-id-xnnNFq,Normal,,69,95,47,18,55,44,3,False,1.0,328
133,sdv-id-cgRTBQ,Fairy,Flying,73,97,98,68,74,71,6,False,1.0,481
134,sdv-id-poUYGS,Fire,Flying,76,72,59,147,77,106,1,True,0.0,537
135,sdv-id-gJIXTj,Ground,Fighting,41,60,46,135,92,86,3,False,2.0,460
136,sdv-id-dChGit,Bug,Poison,82,43,122,107,37,71,1,False,2.0,462
137,sdv-id-kGzpYd,Water,Electric,50,74,96,186,96,124,6,False,2.0,626
138,sdv-id-LGcrGy,Water,,58,75,36,118,111,90,3,True,2.0,488
139,sdv-id-yXtrYS,Dragon,,52,67,33,38,75,101,6,False,1.0,366
140,sdv-id-vnHdaT,Fire,,46,77,50,25,103,34,4,False,2.0,335
141,sdv-id-alBxka,Grass,Fairy,31,32,33,60,35,31,4,False,1.0,222
142,sdv-id-hzLlyq,Water,,35,66,54,45,55,75,4,False,0.0,330
143,sdv-id-VcPAOo,Ice,Grass,84,80,66,58,54,23,2,False,1.0,365
144,sdv-id-eFMnoW,Rock,Ground,58,162,69,66,82,21,3,False,1.0,458
145,sdv-id-wTjlUu,Grass,Ghost,72,112,122,34,86,112,2,False,2.0,538
146,sdv-id-RdnGJD,Ghost,Psychic,104,145,67,75,111,99,5,False,0.0,601
147,sdv-id-nwLGvc,Grass,Flying,28,68,57,116,50,51,3,False,2.0,370
148,sdv-id-TUDgRX,Steel,Ice,64,58,230,46,113,169,2,False,3.0,680
149,sdv-id-oYXwnG,Dragon,Bug,33,107,100,93,79,77,3,False,5.0,489
150,sdv-id-XHUvkA,Bug,,32,14,89,17,54,16,5,False,1.0,222
151,sdv-id-mHpkYR,Dragon,Ice,98,127,143,183,108,84,4,True,0.0,743
152,sdv-id-ijXgpy,Fairy,,97,93,68,177,95,104,2,False,0.0,634
153,sdv-id-esYADD,Water,,102,147,49,121,108,56,2,False,3.0,583
154,sdv-id-vMpfDm,Psychic,,75,171,65,194,112,130,3,True,0.0,747
155,sdv-id-fAZuVv,Grass,,50,34,27,30,42,59,2,False,1.0,242
156,sdv-id-MiGzOj,Dragon,,104,165,114,103,180,67,4,True,0.0,733
157,sdv-id-wofPKG,Bug,,46,65,25,69,33,48,5,False,1.0,286
158,sdv-id-THXxEo,Bug,Ghost,68,25,52,35,48,63,4,False,1.0,291
159,sdv-id-JVRGGR,Grass,Fire,72,51,49,53,23,39,3,False,5.0,287
160,sdv-id-sTAtKb,Bug,,51,80,62,51,63,20,4,False,1.0,327
161,sdv-id-aOrhRI,Rock,Fighting,54,66,184,67,45,85,6,False,5.0,501
162,sdv-id-rUdTaN,Dragon,Bug,74,62,54,89,39,119,1,False,0.0,437
163,sdv-id-WGvBNH,Normal,Fairy,102,86,57,83,126,65,1,False,5.0,519
164,sdv-id-GjkzVF,Fighting,Ground,47,55,42,54,76,104,3,False,1.0,378
165,sdv-id-WPBLwm,Psychic,Flying,38,71,24,123,89,62,1,False,2.0,407
166,sdv-id-ZtPZwP,Steel,Flying,113,113,69,119,118,108,5,False,3.0,640
167,sdv-id-mVEbki,Fire,Dragon,59,156,98,86,54,66,1,False,2.0,519
168,sdv-id-tLyLvL,Fire,,77,73,69,39,55,51,5,False,2.0,364
169,sdv-id-kcdrOj,Bug,Normal,87,79,56,49,55,70,6,False,3.0,396
170,sdv-id-BcunAf,Normal,,42,75,39,82,70,89,2,False,3.0,397
171,sdv-id-lLwCSc,Grass,,40,29,30,44,68,126,1,False,2.0,337
172,sdv-id-jmtErO,Electric,Water,87,67,96,119,96,69,2,False,2.0,534
173,sdv-id-WpBdhg,Dragon,,43,90,61,118,52,46,6,False,1.0,410
174,sdv-id-GCjWuN,Normal,Steel,229,99,91,116,83,54,2,False,1.0,672
175,sdv-id-WBuWOH,Fire,Fighting,86,126,57,77,77,108,3,False,2.0,531
176,sdv-id-mDikHR,Rock,Poison,128,67,29,161,63,77,2,False,2.0,525
177,sdv-id-SEkAmi,Normal,,57,92,55,176,97,88,6,False,2.0,565
178,sdv-id-nVtVrO,Poison,Electric,67,77,43,71,74,65,5,False,1.0,397
179,sdv-id-FyCumS,Rock,Psychic,84,106,48,73,55,31,6,False,2.0,397
180,sdv-id-lsHwPD,Poison,Fairy,32,65,56,84,117,104,2,False,2.0,458
181,sdv-id-IheHld,Dark,Dragon,36,19,52,29,82,85,2,False,1.0,303
182,sdv-id-nAtOLV,Water,Flying,117,144,80,76,111,121,5,False,2.0,649
183,sdv-id-HlgANF,Water,Fighting,107,131,225,87,141,52,1,False,5.0,743
184,sdv-id-YGVxtQ,Ghost,,56,49,59,44,68,56,4,False,1.0,332
185,sdv-id-YLEpZr,Rock,,28,83,87,81,66,31,6,False,1.0,376
186,sdv-id-jFUnpv,Steel,,88,57,49,75,70,39,5,False,2.0,378
187,sdv-id-GlFJkx,Dark,Water,47,29,64,78,74,94,5,False,1.0,386
188,sdv-id-IickOa,Water,,59,96,47,69,38,59,2,False,2.0,368
189,sdv-id-RdjcXL,Fire,,30,60,95,37,75,45,2,False,3.0,342
190,sdv-id-WSvUVj,Dark,Fairy,79,94,45,46,73,87,4,False,2.0,424
191,sdv-id-UbMBqq,Fighting,Bug,46,48,36,155,62,70,6,False,,417
192,sdv-id-SIrzJG,Dragon,Dragon,100,154,87,182,91,81,4,True,0.0,695
193,sdv-id-IjfaMj,Rock,Dark,39,129,123,160,56,139,4,False,0.0,646
194,sdv-id-pcENFG,Water,,33,65,81,157,187,82,3,False,5.0,605
195,sdv-id-NDmVMg,Psychic,,78,105,83,45,51,87,5,False,1.0,449
196,sdv-id-mMBBrM,Bug,Dark,70,64,127,68,52,58,4,False,2.0,439
197,sdv-id-ibplja,Normal,Grass,50,59,56,87,52,51,3,False,,355
198,sdv-id-DVjdTq,Bug,,50,110,45,20,63,52,4,False,2.0,340
199,sdv-id-uxMPlr,Water,Ice,80,68,100,118,128,100,1,False,3.0,594
200,sdv-id-wKHCgE,Fire,,48,21,46,58,53,30,2,False,2.0,256
201,sdv-id-ojyNcD,Rock,,36,34,96,77,100,49,6,False,2.0,392
202,sdv-id-aSiuKN,Water,Rock,24,37,20,40,77,48,3,False,1.0,246
203,sdv-id-WqkfIm,Steel,,83,188,95,129,106,105,5,True,5.0,706
204,sdv-id-XhjFVJ,Psychic,Psychic,122,111,79,115,196,118,4,True,0.0,741
205,sdv-id-IibOsl,Bug,,54,58,44,29,28,43,4,False,1.0,256
206,sdv-id-gnGJCn,Ground,Flying,27,20,56,12,81,68,4,False,1.0,264
207,sdv-id-TJuRkB,Dark,Ground,80,108,46,112,75,120,1,False,0.0,541
208,sdv-id-HXimCS,Bug,Psychic,65,74,230,81,123,56,6,False,2.0,629
209,sdv-id-LvZtWc,Dragon,,55,96,64,49,67,5,2,False,2.0,336
210,sdv-id-tywICr,Rock,Ice,61,100,99,77,118,81,1,False,2.0,536
211,sdv-id-bxHQEr,Water,,66,81,90,85,82,44,3,False,2.0,448
212,sdv-id-XXquOQ,Bug,,37,36,53,21,45,50,2,False,1.0,242
213,sdv-id-ArDKyz,Grass,,81,124,118,110,110,59,5,False,0.0,602
214,sdv-id-kZdtgh,Dragon,Flying,77,116,45,168,78,114,5,True,0.0,598
215,sdv-id-nslviv,Electric,Fairy,27,66,54,80,47,85,3,False,1.0,359
216,sdv-id-ExeRza,Bug,,26,15,25,113,90,60,3,False,1.0,329
217,sdv-id-XbRvXY,)Normal,,48,56,68,96,106,53,5,False,2.0,427
218,sdv-id-fIQEce,Rock,,40,58,58,115,110,110,4,False,5.0,491
219,sdv-id-UILqly,Ghost,Psychic,69,70,72,46,90,42,3,False,0.0,389
220,sdv-id-lKDmpv,Normal,Fighting,78,96,66,75,68,33,5,False,3.0,416
221,sdv-id-wTQwIp,Fire,,53,76,69,116,69,80,1,False,2.0,463
222,sdv-id-CeNBYA,Ground,,73,55,45,46,64,22,1,False,1.0,305
223,sdv-id-MMaFuL,Ghost,Flying,50,87,50,80,20,29,1,False,1.0,316
224,sdv-id-ohWblb,Fighting,,58,50,50,41,78,84,1,False,1.0,361
225,sdv-id-RrToxw,Electric,,81,75,45,56,73,70,2,False,1.0,400
226,sdv-id-teOEZU,Steel,,115,71,87,45,114,84,1,True,2.0,516
227,sdv-id-lDvyZV,Bug,Normal,68,107,75,25,48,16,6,False,2.0,339
228,sdv-id-NZwkco,Fire,Fighting,73,105,72,108,99,111,6,False,2.0,568
229,sdv-id-mZUwnP,Ghost,Poison,56,105,98,68,131,18,4,False,0.0,476
230,sdv-id-yOoGCr,Grass,,69,57,67,30,47,91,2,False,2.0,361
231,sdv-id-ePaVQR,Fairy,Flying,54,35,71,89,61,76,3,False,1.0,386
232,sdv-id-cYsOvY,Steel,Poison,18,36,35,144,85,129,4,False,2.0,447
233,sdv-id-JzIBlo,Dark,,47,29,96,21,74,28,2,False,2.0,295
234,sdv-id-RolnPQ,Psychic,,80,92,43,139,90,135,4,False,2.0,579
235,sdv-id-ABUGZp,Normal,,86,26,178,32,90,30,4,False,0.0,442
236,sdv-id-DUCSAQ,Fire,Poison,106,61,70,99,108,65,4,False,1.0,509
237,sdv-id-HnzTIL,Electric,Flying,58,60,70,51,112,86,3,False,2.0,437
238,sdv-id-LmgWUc,Steel,Flying,84,84,119,73,68,109,1,False,5.0,537
239,sdv-id-zMBhIF,Ice,,60,84,99,161,139,123,1,False,3.0,666
240,sdv-id-xOWNXT,Ground,Dark,87,87,96,86,88,37,3,False,2.0,481
241,sdv-id-DAqdYT,Bug,Psychic,64,62,25,31,107,9,6,False,1.0,298
242,sdv-id-oEqtDa,)Normal,,48,46,40,66,39,18,3,False,1.0,257
243,sdv-id-qsiXfD,Normal,,50,5,28,52,33,49,4,False,1.0,217
244,sdv-id-HxKCaG,Water,Psychic,71,123,70,49,122,52,4,False,5.0,487
245,sdv-id-BnhrAT,Psychic,,66,98,90,44,76,112,1,False,2.0,486
246,sdv-id-McTuMR,Normal,,116,150,103,125,146,105,4,True,5.0,745
247,sdv-id-OHBolk,Fire,,70,76,44,79,54,5,3,False,1.0,328
248,sdv-id-XATttU,Normal,,80,88,54,63,70,129,1,False,1.0,484
249,sdv-id-IKSZkk,Psychic,,89,124,55,181,87,120,1,True,0.0,656
250,sdv-id-aWqtAg,Fire,Flying,53,167,79,141,43,103,1,False,0.0,586
251,sdv-id-EbjGeJ,Ground,Flying,30,95,29,122,77,62,4,False,0.0,415
252,sdv-id-VwkAQf,Psychic,Flying,159,156,142,140,67,108,1,True,0.0,772
253,sdv-id-HEthoo,Fairy,,35,45,18,112,105,51,2,False,2.0,366
254,sdv-id-xtoYyv,Rock,Grass,33,97,52,48,55,102,3,False,1.0,387
255,sdv-id-uamtuY,Water,Psychic,90,86,93,148,98,172,5,True,2.0,687
256,sdv-id-MDhihM,Rock,Flying,41,82,164,42,100,119,4,False,0.0,548
257,sdv-id-yEWPLB,Bug,Dragon,67,88,37,175,42,30,6,False,2.0,439
258,sdv-id-mrAELP,Ice,,27,54,52,44,29,20,5,False,1.0,226
259,sdv-id-VcFvSs,Bug,Flying,82,91,96,156,64,42,5,False,3.0,531
260,sdv-id-HPguwL,Bug,,25,60,85,31,27,56,6,False,1.0,284
261,sdv-id-HkloWF,Rock,,57,77,85,68,102,64,3,False,5.0,453
262,sdv-id-PREnql,Bug,,74,84,29,34,23,39,1,False,1.0,283
263,sdv-id-BaVrwt,Steel,,1,61,40,71,86,59,3,False,2.0,318
264,sdv-id-jgTQji,Dark,Fire,76,117,99,128,102,64,2,True,0.0,586
265,sdv-id-rYgVjV,Fire,,40,49,78,86,94,74,4,False,0.0,421
266,sdv-id-fZpleF,Water,Fire,115,50,110,126,100,104,2,False,2.0,605
267,sdv-id-Ktrcne,Rock,Psychic,68,97,82,98,99,105,3,False,0.0,549
268,sdv-id-wpTVIx,Bug,Fire,50,81,68,50,47,29,5,False,1.0,325
269,sdv-id-vjirDx,Dragon,Psychic,33,60,90,160,101,60,6,False,2.0,504
270,sdv-id-eFtzfR,Normal,Grass,77,136,67,181,80,123,5,True,0.0,664
271,sdv-id-iBQMuc,Poison,,31,36,25,68,72,50,3,False,1.0,282
272,sdv-id-bnYsOZ,Dragon,,66,62,28,117,89,115,6,False,0.0,477
273,sdv-id-eIhuXE,Poison,Ground,82,110,37,29,41,114,5,False,0.0,413
274,sdv-id-LxBZIR,Electric,Steel,80,65,143,151,99,71,5,False,3.0,609
275,sdv-id-BuvGQS,Dragon,Rock,56,40,89,70,61,90,5,False,1.0,406
276,sdv-id-LXEwPe,Psychic,,54,164,69,143,84,141,4,True,0.0,655
277,sdv-id-TuWpGz,Rock,Fighting,58,99,115,64,64,70,4,False,2.0,470
278,sdv-id-NFZNMF,Ground,Ground,60,110,69,37,46,42,2,False,2.0,364
279,sdv-id-OHMaHI,Bug,Flying,70,149,118,99,41,98,4,False,5.0,575
280,sdv-id-AAliFj,Grass,Fighting,80,84,119,105,121,82,5,False,2.0,591
281,sdv-id-vdQGHJ,Dark,Poison,65,44,107,91,115,102,3,False,2.0,524
282,sdv-id-fVGykI,Ground,Water,89,94,70,75,78,116,6,False,2.0,522
283,sdv-id-LUJLLR,Bug,Poison,35,44,48,100,53,51,6,False,1.0,331
284,sdv-id-uulhje,Fire,Flying,97,152,49,142,88,136,1,False,3.0,664
285,sdv-id-hDKzkO,Grass,,22,53,34,41,52,17,5,False,1.0,219
286,sdv-id-tVCArv,Ground,,55,43,48,77,71,78,4,False,,372
287,sdv-id-KqRcrJ,Water,Fire,54,20,45,57,56,73,6,False,3.0,305
288,sdv-id-OfJuRJ,Ghost,Fairy,98,57,66,139,98,45,1,False,1.0,503
289,sdv-id-kOqEtK,Grass,Rock,156,137,144,91,64,107,4,False,3.0,699
290,sdv-id-CJhSUX,Normal,,56,83,57,44,46,33,1,False,1.0,319
291,sdv-id-JYWqFP,Ice,Electric,48,84,55,156,104,62,6,False,3.0,509
292,sdv-id-DNwjhk,Fighting,Electric,84,99,69,108,91,96,2,False,0.0,547
293,sdv-id-sGZdtL,Rock,Fairy,95,85,35,51,102,91,3,True,0.0,459
294,sdv-id-HcMJBg,Bug,,50,6,15,75,56,76,5,False,2.0,278
295,sdv-id-SkgfYc,Rock,,32,76,69,86,51,52,4,False,3.0,366
296,sdv-id-pSwHGQ,Poison,,70,36,28,35,70,47,4,False,1.0,286
297,sdv-id-ubEmFR,Grass,Flying,55,63,52,49,66,107,2,False,0.0,392
298,sdv-id-pPTPMn,Bug,Rock,65,76,62,104,97,75,4,False,2.0,479
299,sdv-id-TkMPLa,Poison,Water,77,81,39,37,61,124,1,False,1.0,419
300,sdv-id-aicrHG,Grass,,75,53,33,38,29,53,5,False,1.0,281
301,sdv-id-zsgapH,Water,Dragon,58,115,66,39,69,104,3,False,0.0,451
302,sdv-id-XDNjif,Bug,,65,50,69,36,33,35,4,False,1.0,288
303,sdv-id-KjAwHJ,Ghost,Ground,68,171,115,109,85,119,3,False,5.0,667
304,sdv-id-RrOiiD,Dragon,,97,128,66,174,158,78,5,True,0.0,701
305,sdv-id-GTVrFi,Fighting,,53,106,45,114,38,55,1,False,0.0,411
306,sdv-id-SiBYBY,Fighting,Poison,27,58,91,39,67,78,3,False,2.0,360
307,sdv-id-IDTkbU,Normal,Psychic,72,110,54,180,92,108,1,True,5.0,616
308,sdv-id-PfBGGs,Dragon,Fairy,103,141,109,124,110,90,4,True,0.0,677
309,sdv-id-qTzNRU,Water,,63,40,93,64,35,49,4,False,1.0,344
310,sdv-id-SlbyCU,Psychic,,90,90,101,115,97,81,5,False,3.0,574
311,sdv-id-YAhPPB,Bug,,60,42,64,21,70,17,3,False,1.0,274
312,sdv-id-anxEbO,Rock,Dark,62,57,81,74,99,50,4,False,1.0,423
313,sdv-id-ZKdOTM,Ice,Grass,62,110,88,179,101,28,2,False,2.0,568
314,sdv-id-CPTrGa,Dragon,Flying,71,182,50,126,94,142,1,True,0.0,665
315,sdv-id-KfwAcU,Bug,Grass,52,78,35,10,61,26,2,False,1.0,262
316,sdv-id-gyRhXF,Ghost,,121,51,66,40,62,53,2,False,2.0,393
317,sdv-id-DWDEmB,Normal,,45,115,107,52,88,103,1,False,,510
318,sdv-id-BBoGCw,Electric,Electric,29,48,24,66,91,70,5,False,3.0,328
319,sdv-id-kPLCKc,Normal,,74,58,57,53,81,38,3,False,2.0,361
320,sdv-id-DzeNue,Dark,Fire,93,71,95,119,88,76,6,False,2.0,542
321,sdv-id-hVXFHT,Grass,,55,60,39,82,73,60,3,False,2.0,369
322,sdv-id-tlIaNY,Normal,,19,45,75,20,31,75,1,False,1.0,265
323,sdv-id-sdauFW,Psychic,,76,158,173,106,207,74,2,False,5.0,794
324,sdv-id-SfZvbg,Bug,Flying,42,101,48,140,33,136,4,False,0.0,500
325,sdv-id-cIzqYQ,Steel,Ghost,56,64,87,58,60,67,5,False,1.0,392
326,sdv-id-gghNBd,Ice,,21,23,25,91,65,78,5,False,1.0,303
327,sdv-id-RFMVLp,Ghost,Fighting,77,74,89,47,88,77,1,False,3.0,452
328,sdv-id-waZzce,Fire,Flying,61,92,41,52,94,106,1,False,2.0,446
329,sdv-id-MENOEp,Psychic,Ground,52,118,66,86,79,81,4,False,0.0,482
330,sdv-id-qvJuRq,Ground,,67,76,76,33,108,115,6,False,0.0,475
331,sdv-id-AdOpsJ,Electric,Flying,35,45,55,119,82,39,6,False,2.0,375
332,sdv-id-lyGkKi,Grass,Fighting,50,86,104,169,93,124,5,False,0.0,626
333,sdv-id-LuDCKJ,Psychic,,66,116,56,40,73,108,3,False,1.0,459
334,sdv-id-PijxbZ,Fairy,Ice,56,83,59,180,118,119,2,True,0.0,615
335,sdv-id-yFJlxh,Water,,42,59,57,60,81,48,6,False,0.0,347
336,sdv-id-YzrKZQ,Dark,,76,138,36,153,52,44,5,False,3.0,499
337,sdv-id-mVXGLM,Dark,Grass,80,102,80,65,46,58,1,False,2.0,431
338,sdv-id-PldvqY,Ice,Flying,64,140,48,120,134,110,2,False,0.0,616
339,sdv-id-BHNySN,Dark,Dark,95,111,79,83,94,46,4,False,0.0,508
340,sdv-id-onJHcE,Bug,Grass,54,58,51,67,33,58,5,False,2.0,321
341,sdv-id-Dughec,Bug,,53,37,33,18,42,16,5,False,1.0,199
342,sdv-id-gxBDMV,Bug,,19,5,8,18,26,31,5,False,1.0,107
343,sdv-id-TPpzZQ,Dragon,Psychic,90,66,57,93,120,73,4,False,2.0,499
344,sdv-id-SvRdys,Fire,,72,98,54,37,100,31,6,False,1.0,392
345,sdv-id-TRFAfU,)Normal,Water,59,86,77,38,44,107,1,False,1.0,411
346,sdv-id-WByXhJ,Fairy,Dragon,109,190,88,103,95,92,4,True,0.0,677
347,sdv-id-gOVRSO,Dark,Psychic,65,16,24,31,81,82,3,False,2.0,299
348,sdv-id-LSvBls,Fire,,19,73,28,101,60,35,1,False,2.0,316
349,sdv-id-fgptrb,Normal,Flying,59,33,45,80,54,60,1,False,1.0,331
350,sdv-id-tMomho,Poison,,40,53,46,74,45,66,6,False,0.0,324
351,sdv-id-YCbjYG,Ghost,Fairy,50,68,54,56,135,49,3,False,1.0,412
352,sdv-id-HqhSjW,Electric,Flying,91,93,89,157,102,65,2,True,0.0,597
353,sdv-id-YHeneZ,Dark,,41,62,67,62,29,22,6,False,1.0,283
354,sdv-id-FIlteC,Steel,Dragon,45,43,123,76,124,115,6,False,2.0,526
355,sdv-id-Mjvqep,Dragon,Ground,52,66,53,10,80,89,1,False,1.0,350
356,sdv-id-iwdrwr,Fire,Fighting,49,74,78,91,121,76,5,False,3.0,489
357,sdv-id-oizOOy,Water,Ice,50,71,26,114,93,24,1,False,1.0,378
358,sdv-id-VRQqnP,Ground,Rock,14,107,102,138,52,48,6,False,2.0,461
359,sdv-id-uSbywg,Rock,Fighting,28,112,107,77,72,105,3,False,1.0,501
360,sdv-id-sbwmWE,Bug,,57,60,82,48,117,9,1,False,,373
361,sdv-id-kKIpDO,Bug,,48,64,45,32,40,19,3,False,1.0,248
362,sdv-id-wyqIsK,Fairy,Flying,52,32,36,38,33,44,1,False,1.0,235
363,sdv-id-FBhzcv,Ground,Flying,69,69,49,46,54,61,5,False,1.0,348
364,sdv-id-rYjiIu,Water,,65,90,28,43,152,97,5,False,2.0,475
365,sdv-id-wHYpGx,Electric,Ghost,38,43,129,43,58,94,2,False,3.0,405
366,sdv-id-HUhsCB,Water,,83,128,90,130,137,90,2,False,2.0,658
367,sdv-id-EmKXFL,Electric,Ice,51,49,58,44,57,27,6,False,1.0,286
368,sdv-id-EvakED,Water,,28,40,49,113,109,25,1,False,3.0,364
369,sdv-id-DlmNED,Psychic,Fighting,50,87,69,115,86,42,1,False,5.0,449
370,sdv-id-EwmMDt,Grass,Steel,58,81,49,96,51,96,2,False,3.0,431
371,sdv-id-KkaUrj,Grass,Poison,58,97,91,89,87,46,2,False,2.0,468
372,sdv-id-OLSplg,Grass,Water,98,89,117,134,89,45,1,False,1.0,572
373,sdv-id-VQouPy,Fire,Dragon,54,69,63,78,62,98,1,False,0.0,424
374,sdv-id-xhhUAD,Ice,Fairy,55,89,59,127,100,101,3,False,0.0,531
375,sdv-id-Vtgsuo,Fire,Dark,73,103,94,167,108,48,3,False,0.0,593
376,sdv-id-UZtfUl,Dragon,,140,131,93,128,98,124,2,True,0.0,714
377,sdv-id-TTZtis,Electric,Fairy,67,94,83,123,145,99,3,True,0.0,611
378,sdv-id-OCXJvU,Steel,,80,118,69,77,100,57,4,False,2.0,501
379,sdv-id-cooIZg,Psychic,Fighting,48,77,63,174,82,136,5,False,5.0,580
380,sdv-id-kgYinl,Fighting,Steel,84,80,33,122,63,122,2,False,0.0,504
381,sdv-id-dICFID,Psychic,Dragon,74,90,74,108,71,30,4,False,2.0,447
382,sdv-id-uaPYmU,Poison,Fighting,84,105,70,150,70,75,3,False,0.0,554
383,sdv-id-ZSiapQ,Bug,Dark,87,126,39,100,79,42,5,False,1.0,473
384,sdv-id-HQXHMp,Rock,Flying,110,153,48,95,113,85,4,False,0.0,604
385,sdv-id-zNdtKY,Ice,Normal,96,97,26,74,95,91,4,False,2.0,479
386,sdv-id-NMnZFt,Water,Ice,52,78,56,100,55,68,3,False,1.0,409
387,sdv-id-QvcHsF,Dark,Dark,44,45,36,113,102,180,1,False,2.0,520
388,sdv-id-WkqRfY,Fairy,Ground,91,133,128,76,96,86,4,False,5.0,610
389,sdv-id-fcbfsH,Psychic,Dragon,98,141,83,68,97,94,5,False,2.0,581
390,sdv-id-HbsPVu,Water,Fighting,66,76,81,72,91,10,6,False,2.0,396
391,sdv-id-BCHubj,Fire,,61,190,81,130,160,139,3,True,0.0,761
392,sdv-id-LfQDkA,Dragon,Fire,55,67,64,70,42,69,1,False,2.0,367
393,sdv-id-EngtpM,Flying,,66,42,128,22,41,42,5,False,3.0,341
394,sdv-id-sfjlUu,Bug,Flying,58,59,230,37,99,63,4,False,2.0,546
395,sdv-id-drrzoQ,Dragon,Electric,103,29,90,166,76,107,4,False,5.0,571
396,sdv-id-aUtvCf,Grass,,62,82,60,114,49,109,1,False,2.0,476
397,sdv-id-oPXpBt,Flying,Normal,105,47,137,152,95,137,3,False,2.0,673
398,sdv-id-EgLnHM,Grass,Ice,57,43,56,26,85,86,1,False,1.0,353
399,sdv-id-tmnstE,Bug,Flying,76,56,47,66,61,60,4,False,0.0,366
400,sdv-id-uHPgbC,Normal,,90,127,50,100,187,101,3,True,0.0,655
401,sdv-id-pqBUHk,Bug,Fire,74,69,73,50,72,74,5,False,3.0,412
402,sdv-id-oGtkrf,Fire,Grass,71,86,49,104,123,19,5,False,2.0,452
403,sdv-id-IZqOOR,Bug,,41,44,27,42,34,65,5,False,1.0,253
404,sdv-id-vSygia,Electric,,93,129,89,90,91,135,3,True,0.0,627
405,sdv-id-jGKGAh,Rock,Dark,154,93,46,59,81,69,4,False,3.0,502
406,sdv-id-VdHBPP,Ghost,Flying,43,84,36,96,64,116,1,False,1.0,439
407,sdv-id-EpPnUA,Ghost,,27,37,33,37,29,44,5,False,1.0,207
408,sdv-id-uxVETk,Rock,,52,47,59,40,55,100,5,False,2.0,353
409,sdv-id-jLdMwY,Electric,Water,65,80,72,94,112,50,5,False,1.0,473
410,sdv-id-inYYSH,Fairy,,32,65,38,68,59,24,2,False,1.0,286
411,sdv-id-qxSJTd,Grass,,80,115,81,86,70,134,2,False,5.0,566
412,sdv-id-CUBDvf,Steel,Poison,95,115,75,59,83,110,6,False,2.0,537
413,sdv-id-KQttOQ,Fighting,Water,48,87,57,26,66,56,4,False,1.0,340
414,sdv-id-FPYzVZ,Ghost,Psychic,67,126,230,101,133,116,3,False,3.0,773
415,sdv-id-dPPcYG,Bug,,63,116,27,94,103,104,6,False,1.0,507
416,sdv-id-jewsIu,Ground,,52,79,80,94,122,35,1,False,0.0,462
417,sdv-id-RHamBg,Ground,,57,81,175,107,131,119,4,True,2.0,670
418,sdv-id-dlINYs,Water,Flying,49,173,33,124,65,92,2,False,0.0,536
419,sdv-id-BgzBNP,Dark,,70,61,53,75,58,72,3,False,3.0,389
420,sdv-id-AVqrqG,Grass,Poison,51,81,113,65,77,45,1,False,3.0,432
421,sdv-id-eIpJvR,Bug,Poison,59,117,75,41,77,128,1,False,2.0,497
422,sdv-id-xrFHSO,Ice,,54,99,41,118,48,76,5,False,3.0,436
423,sdv-id-VIRino,Normal,Rock,94,81,103,64,68,103,4,False,0.0,513
424,sdv-id-fvBkuK,Psychic,,99,164,82,115,116,137,3,True,0.0,713
425,sdv-id-VllNXD,Normal,,42,25,37,32,41,7,3,False,1.0,184
426,sdv-id-TbWHjv,Steel,Fighting,45,81,94,111,130,48,1,False,2.0,509
427,sdv-id-VjvUbt,Fire,Dark,95,82,151,97,188,100,2,True,0.0,713
428,sdv-id-qWjXGu,Grass,Ground,40,44,135,83,100,5,1,False,2.0,407
429,sdv-id-rHimVC,Bug,,75,53,89,94,78,38,4,True,1.0,427
430,sdv-id-USuQsb,Grass,Water,38,61,44,130,26,67,1,False,2.0,366
431,sdv-id-MkSlpq,Dragon,Bug,79,128,122,51,90,52,4,False,5.0,522
432,sdv-id-bwKxtp,Water,Psychic,50,97,195,58,103,49,5,False,1.0,552
433,sdv-id-HRykXW,Dragon,,83,182,112,88,83,88,3,True,5.0,636
434,sdv-id-qjJqSh,Grass,,75,114,51,152,83,120,6,False,2.0,595
435,sdv-id-rQbiXj,Bug,Grass,68,47,59,46,49,64,3,False,2.0,333
436,sdv-id-CxKlGp,Ghost,Grass,55,87,88,48,183,59,2,False,1.0,520
437,sdv-id-YKlstZ,Rock,Rock,85,53,72,71,108,28,3,False,1.0,417
438,sdv-id-aYBEcI,Bug,Psychic,48,31,48,55,39,35,1,False,2.0,256
439,sdv-id-JOVEgX,Water,Flying,101,171,40,118,85,128,6,False,2.0,643
440,sdv-id-TmQbAI,Grass,,30,60,107,169,66,135,3,False,3.0,567
441,sdv-id-WqdnZO,Dragon,Psychic,115,74,74,114,94,96,4,True,0.0,567
442,sdv-id-iehEMZ,Fire,Dark,86,100,70,55,67,50,6,False,2.0,428
443,sdv-id-TorDWl,Dragon,Psychic,119,153,56,177,107,126,5,True,0.0,738
444,sdv-id-GQKYPs,Bug,,25,59,86,19,76,84,5,False,1.0,349
445,sdv-id-EvhDzS,Dark,Flying,95,98,91,125,62,102,5,False,0.0,573
446,sdv-id-DHjkzr,Grass,Steel,121,102,81,194,98,55,6,False,3.0,651
447,sdv-id-uJDetM,Normal,Ice,85,135,115,79,67,99,5,False,,580
448,sdv-id-LLUpso,Bug,Flying,100,129,66,70,85,87,5,False,3.0,537
449,sdv-id-MQgEUZ,Grass,Steel,78,74,60,50,44,37,5,False,2.0,343
450,sdv-id-NmXoVS,Dark,Dragon,36,19,17,79,22,38,6,False,1.0,211
451,sdv-id-jgFWiz,Water,,81,72,62,63,50,91,2,False,3.0,419
452,sdv-id-BOqILU,Steel,Steel,59,95,73,99,94,95,4,False,2.0,515
453,sdv-id-tfkkYU,Grass,,23,24,135,134,79,71,3,False,2.0,466
454,sdv-id-KpHPRw,Bug,,136,85,58,149,124,94,1,False,,646
455,sdv-id-zVqVsv,Grass,,74,81,175,38,56,13,6,False,2.0,437
456,sdv-id-jLLLcN,Rock,,54,73,65,35,54,42,3,False,1.0,323
457,sdv-id-UeuGAZ,Rock,Ground,85,190,149,194,82,91,1,False,5.0,791
458,sdv-id-ltMmEe,Rock,,100,153,85,98,53,104,5,False,3.0,593
459,sdv-id-cKSvIO,Water,,55,53,49,104,125,78,4,False,2.0,464
460,sdv-id-ZxUCYP,Electric,Psychic,35,34,80,105,96,111,5,False,2.0,461
461,sdv-id-xPCgWY,Dark,Dark,52,12,39,25,38,47,3,False,1.0,213
462,sdv-id-jCDThZ,Normal,Fire,88,126,132,34,97,76,4,False,0.0,553
463,sdv-id-IMJgKu,Poison,,70,95,103,66,32,28,3,False,2.0,394
464,sdv-id-dYOHRM,Rock,,60,47,46,64,94,32,2,False,1.0,343
465,sdv-id-VejiXZ,Grass,Steel,98,96,70,105,110,15,4,False,2.0,494
466,sdv-id-JuIWAA,Steel,Flying,66,20,35,74,80,63,3,False,2.0,338
467,sdv-id-xJgtGv,Normal,Rock,52,77,147,104,50,91,3,False,3.0,521
468,sdv-id-tPbLHb,Water,,81,26,47,73,103,68,4,False,2.0,398
469,sdv-id-ewaPJm,Rock,Poison,19,81,41,66,72,130,4,False,1.0,409
470,sdv-id-MaDzul,Fire,,77,178,131,117,76,64,4,False,5.0,643
471,sdv-id-sHyOVw,Dragon,,85,155,92,179,111,132,4,True,0.0,754
472,sdv-id-CXJDLU,Normal,Fighting,17,13,20,67,45,27,4,False,1.0,189
473,sdv-id-WqnpGz,Poison,Poison,58,49,78,59,87,34,4,False,1.0,365
474,sdv-id-VJJukr,Fire,Flying,76,153,73,176,102,127,4,True,0.0,707
475,sdv-id-Icmqnr,Fire,Normal,111,134,70,132,102,110,1,True,0.0,659
476,sdv-id-tjoqna,Grass,Dark,66,41,96,65,77,44,5,False,1.0,389
477,sdv-id-lbasaL,Psychic,Dark,86,132,88,143,82,123,4,True,0.0,654
478,sdv-id-iqAfmU,Dark,,58,99,61,54,74,9,6,False,1.0,355
479,sdv-id-HjRqYd,Normal,Flying,67,127,76,77,42,44,3,False,1.0,433
480,sdv-id-bqZuTq,Water,Steel,72,71,179,78,175,74,2,False,3.0,649
481,sdv-id-dpElKj,Water,Rock,80,97,42,74,55,109,1,False,2.0,457
482,sdv-id-tthbVc,Electric,Dragon,113,55,72,76,63,129,1,False,2.0,508
483,sdv-id-tCOgdm,Steel,Fighting,72,126,86,64,113,64,5,False,2.0,525
484,sdv-id-TIXLOJ,Ghost,,35,66,34,28,68,83,3,False,1.0,314
485,sdv-id-fJZOYJ,Fairy,Flying,60,65,81,68,41,37,3,False,2.0,352
486,sdv-id-wQmXbn,Water,Psychic,93,74,104,138,78,120,3,False,0.0,607
487,sdv-id-xizKwy,Grass,Ghost,89,75,61,90,79,74,6,False,2.0,468
488,sdv-id-WYDKRy,Ice,Flying,87,77,71,107,81,34,1,False,2.0,457
489,sdv-id-CLmJRZ,Ice,Normal,68,115,136,61,108,91,3,False,0.0,579
490,sdv-id-VjtfgM,Ground,Ground,65,113,48,37,38,99,1,False,5.0,400
491,sdv-id-YsdBjq,Fire,,95,62,69,53,58,97,4,False,2.0,434
492,sdv-id-VLLoIw,Poison,Fairy,82,38,77,11,60,26,4,False,1.0,294
493,sdv-id-JCoNTE,Ground,Grass,56,88,84,99,91,54,2,False,2.0,472
494,sdv-id-cEBlhW,Ghost,Psychic,78,45,56,159,83,58,2,True,2.0,479
495,sdv-id-UmMjgS,Poison,,67,63,58,56,67,42,5,False,0.0,353
496,sdv-id-wvPzdw,Fighting,Flying,25,58,59,41,67,46,4,False,1.0,296
497,sdv-id-ASLbAW,Grass,,49,130,142,72,71,107,3,False,2.0,571
498,sdv-id-jpRoVD,Poison,,55,81,50,108,132,120,4,False,0.0,546
499,sdv-id-ynpeQd,Bug,,73,90,55,60,46,49,3,False,2.0,373
500,sdv-id-LuvAAD,Psychic,Flying,61,60,45,63,38,52,1,False,1.0,319
501,sdv-id-klnriA,Electric,Psychic,35,96,60,67,68,111,1,False,2.0,437
502,sdv-id-dUchzG,Grass,,101,75,134,141,102,56,2,True,5.0,609
503,sdv-id-AIQhwp,Ground,Steel,26,57,52,34,71,63,5,False,2.0,303
504,sdv-id-kGgAOJ,Dragon,,65,133,128,67,84,32,6,True,0.0,509
505,sdv-id-Fqswip,Fire,Ground,110,32,72,64,65,113,2,False,2.0,456
506,sdv-id-eZiQhk,Bug,Fighting,37,68,92,61,37,26,1,False,1.0,321
507,sdv-id-aMioSt,Normal,Fairy,109,65,58,86,86,35,5,False,2.0,439
508,sdv-id-OinaYH,Water,Steel,106,91,77,112,96,52,3,False,0.0,534
509,sdv-id-ruqWch,Fire,,41,105,43,88,73,71,6,False,1.0,421
510,sdv-id-PFUQPE,Psychic,Flying,52,76,103,138,144,35,5,True,0.0,548
511,sdv-id-vKtPpk,Ghost,Psychic,77,60,75,111,65,65,2,False,2.0,453
512,sdv-id-HTqTce,Grass,Flying,34,88,136,97,106,124,3,False,2.0,585
513,sdv-id-qWlKaV,Fighting,,56,54,33,26,56,47,4,False,1.0,272
514,sdv-id-obJKYF,Water,Ice,74,91,77,53,74,43,3,False,3.0,412
515,sdv-id-zGRXlb,Rock,,74,86,41,55,52,34,2,False,1.0,342
516,sdv-id-UzAtol,Psychic,,126,145,127,165,125,127,3,True,0.0,815
517,sdv-id-blVUUY,Dragon,Psychic,95,146,54,190,52,112,3,True,0.0,649
518,sdv-id-kJLyar,Ground,Steel,141,85,49,37,73,78,5,False,0.0,463
519,sdv-id-pePcrn,Psychic,Flying,66,147,136,128,83,86,5,True,0.0,646
520,sdv-id-BRlAUy,Ghost,Steel,76,98,56,72,59,62,6,False,1.0,423
521,sdv-id-imcanH,Rock,,119,150,48,140,118,101,6,True,0.0,676
522,sdv-id-RfrcIW,Grass,Flying,59,118,146,108,44,98,1,False,2.0,573
523,sdv-id-kbQkqj,Psychic,Dragon,71,48,100,68,68,61,1,False,2.0,416
524,sdv-id-ntAmoz,Bug,Ice,103,159,108,128,51,40,1,False,3.0,589
525,sdv-id-PtbrQq,Ice,,34,32,45,80,68,126,4,False,0.0,385
526,sdv-id-HvWtzQ,Bug,Fighting,61,100,94,172,71,57,1,False,2.0,555
527,sdv-id-JLDUfu,Normal,,72,65,19,62,91,33,5,False,0.0,342
528,sdv-id-pLXKIM,Steel,Flying,122,98,49,108,75,77,6,True,1.0,529
529,sdv-id-ZvmYsg,Dragon,Flying,62,107,78,189,98,119,3,True,0.0,653
530,sdv-id-rCXDmq,Electric,,88,69,39,10,43,61,1,False,2.0,310
531,sdv-id-OLVaWV,Psychic,Flying,28,17,35,60,36,46,1,False,1.0,222
532,sdv-id-MeHKth,Ground,,61,83,76,48,70,73,6,False,1.0,411
533,sdv-id-WlVfgT,Steel,Ground,87,39,42,63,61,88,2,False,0.0,380
534,sdv-id-jjGeQq,Grass,,53,39,92,54,66,43,2,False,1.0,347
535,sdv-id-TIhzis,Bug,,47,71,67,71,68,64,4,False,1.0,388
536,sdv-id-IwyXVC,Rock,Ghost,56,92,118,138,131,85,2,False,2.0,620
537,sdv-id-yITylR,Fire,Water,98,86,140,131,121,55,3,False,2.0,631
538,sdv-id-LKFMyx,Water,Ice,50,131,59,107,74,117,5,False,2.0,538
539,sdv-id-JEwOPo,Dragon,Dragon,112,168,48,148,100,109,5,True,0.0,685
540,sdv-id-GOnpzi,Electric,Fighting,89,102,47,194,73,119,5,False,2.0,624
541,sdv-id-TOjTpt,Grass,Flying,81,115,105,59,26,89,5,False,3.0,475
542,sdv-id-eWhoka,Fairy,,58,59,48,103,125,119,3,False,0.0,512
543,sdv-id-gNWHvr,Normal,,66,118,51,37,60,5,2,False,1.0,337
544,sdv-id-fjLXfn,Dark,Bug,137,100,63,35,107,74,5,False,2.0,516
545,sdv-id-aNYzgP,Rock,Fire,156,161,43,146,130,96,3,True,0.0,732
546,sdv-id-khHMqg,Water,,56,47,43,79,57,75,4,False,,357
547,sdv-id-ULjtWA,Water,,52,47,80,86,68,42,5,False,0.0,375
548,sdv-id-rJYvQB,Electric,,65,61,42,85,63,60,3,False,1.0,376
549,sdv-id-YSSKtt,Steel,Grass,59,65,56,78,118,7,2,False,2.0,383
550,sdv-id-bRcgtU,Poison,Flying,63,42,56,39,35,43,4,False,1.0,278
551,sdv-id-vEtIzF,Psychic,Fire,57,55,36,54,58,58,1,False,1.0,318
552,sdv-id-GldreA,Grass,Flying,68,71,66,51,65,71,1,False,3.0,392
553,sdv-id-LeLoOT,Normal,Electric,73,99,82,45,68,79,1,False,2.0,446
554,sdv-id-yAGLYp,Ghost,,63,127,70,88,91,115,3,False,3.0,554
555,sdv-id-eNOCAD,Fire,,60,94,17,52,93,116,5,False,2.0,432
556,sdv-id-iUsCWz,Fire,,67,149,100,39,101,45,1,False,2.0,501
557,sdv-id-xuUqon,Normal,,57,43,65,108,76,100,4,False,1.0,449
558,sdv-id-sdgehf,Steel,Dragon,63,76,91,61,60,76,1,False,1.0,427
559,sdv-id-ylzPfV,Psychic,,84,178,35,159,122,146,3,True,0.0,724
560,sdv-id-INuZHK,Grass,,37,32,86,32,56,80,3,False,3.0,323
561,sdv-id-ibWMCg,Water,Dark,94,51,57,10,52,45,2,False,1.0,309
562,sdv-id-tbIJwv,Fire,,25,73,34,115,77,106,3,False,1.0,430
563,sdv-id-QnFNeT,Rock,Steel,57,82,84,57,69,69,5,False,2.0,418
564,sdv-id-NIiqZE,Rock,Dragon,50,119,74,114,26,58,6,False,1.0,441
565,sdv-id-HMfKDV,Psychic,Poison,94,102,94,128,111,88,6,True,0.0,617
566,sdv-id-rENfEm,Ghost,Steel,76,92,60,62,98,51,3,False,2.0,439
567,sdv-id-DcoYSc,Flying,Flying,34,67,65,54,69,51,6,False,1.0,340
568,sdv-id-rxOZTk,Fairy,Fairy,69,47,58,30,103,102,6,False,3.0,409
569,sdv-id-PcexMp,Fire,Ghost,129,123,115,81,102,52,2,False,3.0,602
570,sdv-id-uIxteg,Steel,Fire,88,73,57,108,70,125,3,False,3.0,521
571,sdv-id-Hgyyrt,Poison,Ground,75,129,59,85,71,40,1,False,2.0,459
572,sdv-id-jvVhwa,Water,Fighting,74,136,88,146,85,126,3,False,5.0,655
573,sdv-id-kanDlv,Normal,Flying,39,89,51,153,61,60,4,False,2.0,453
574,sdv-id-IUmwGa,Electric,Water,118,145,84,194,158,115,5,True,0.0,814
575,sdv-id-rTHbKC,Normal,,73,113,186,98,118,61,6,False,5.0,649
576,sdv-id-ujhKUQ,Ghost,Fighting,68,164,66,103,103,92,2,False,5.0,596
577,sdv-id-gucEgu,Fire,,83,137,84,122,93,83,3,True,0.0,602
578,sdv-id-dtRUMu,Bug,Dragon,78,67,29,75,43,83,5,False,2.0,375
579,sdv-id-xcDZHu,Water,Flying,83,74,69,71,66,78,1,False,3.0,441
580,sdv-id-EAdYUR,Fighting,Fairy,72,94,47,59,71,81,4,False,2.0,424
581,sdv-id-bFNxJl,Dragon,,100,138,134,143,138,127,6,False,3.0,780
582,sdv-id-QROVtT,Electric,,52,111,100,109,76,31,3,False,2.0,479
583,sdv-id-KIaVlu,Grass,,67,59,65,85,92,17,3,False,3.0,385
584,sdv-id-ghgjfO,Ice,,17,48,41,73,55,93,3,False,1.0,327
585,sdv-id-WhtQrb,Water,Poison,30,73,56,42,57,93,3,False,2.0,351
586,sdv-id-tQTebO,Normal,Ghost,87,75,135,48,170,30,3,False,0.0,545
587,sdv-id-GlVhjv,Psychic,Ice,50,52,73,62,90,68,5,False,1.0,395
588,sdv-id-cLdecE,Water,Ghost,61,24,33,90,99,85,2,False,2.0,392
589,sdv-id-QgzSTk,Bug,,47,69,30,31,24,38,5,False,1.0,239
590,sdv-id-BEMlvj,Steel,Psychic,82,83,102,183,90,68,5,False,5.0,608
591,sdv-id-fhmbEu,Bug,Ice,64,122,67,99,54,95,5,False,3.0,501
592,sdv-id-sPrIFr,Poison,Ghost,37,80,44,49,71,20,6,False,1.0,301
593,sdv-id-lTRzrR,Grass,Psychic,255,112,38,116,134,111,4,True,0.0,766
594,sdv-id-KOYxKW,Normal,,55,109,40,85,52,84,1,False,1.0,425
595,sdv-id-KuWxDO,Psychic,Poison,52,68,106,88,118,37,2,True,2.0,469
596,sdv-id-KklEAC,Grass,,78,81,61,61,61,66,1,False,5.0,408
597,sdv-id-dPcfVw,Rock,,132,96,126,83,121,77,2,False,0.0,635
598,sdv-id-amutDo,Water,Psychic,82,100,91,135,62,32,1,False,3.0,502
599,sdv-id-VPgrgC,Fighting,Electric,40,43,50,60,88,68,1,False,0.0,349
600,sdv-id-Cnzoyr,Normal,Flying,129,122,90,73,62,94,6,False,2.0,570
601,sdv-id-zeSDoJ,Fire,,54,29,49,39,63,27,3,False,1.0,261
602,sdv-id-SnISXn,Normal,,45,74,35,10,48,9,3,False,1.0,221
603,sdv-id-inuuvA,Psychic,,80,67,82,129,162,91,5,True,0.0,611
604,sdv-id-bchXZR,Rock,Steel,91,59,75,61,54,75,6,False,1.0,415
605,sdv-id-CEWCJL,Grass,Flying,63,55,66,72,62,93,1,False,1.0,411
606,sdv-id-liQcXt,Normal,Steel,40,36,55,55,110,43,1,False,1.0,339
607,sdv-id-fnDaJP,Dragon,,152,148,119,105,110,97,5,True,0.0,731
608,sdv-id-RtKLPn,Dragon,,67,37,38,50,66,34,2,False,3.0,292
609,sdv-id-ZclWjv,Rock,Psychic,49,183,102,194,100,122,1,True,0.0,750
610,sdv-id-bwelFM,Water,,79,146,77,111,112,128,3,False,3.0,653
611,sdv-id-ylFgPq,Bug,Flying,45,106,62,44,69,79,1,False,1.0,405
612,sdv-id-rQNfpo,Grass,Psychic,116,52,46,165,78,63,3,False,1.0,520
613,sdv-id-Nslohf,Electric,Psychic,109,85,109,66,107,80,6,False,5.0,556
614,sdv-id-RPrFNL,Dragon,,162,128,67,88,67,75,2,False,2.0,587
615,sdv-id-wJBZiU,Dark,,54,66,100,54,157,18,1,False,1.0,449
616,sdv-id-WgCqXJ,Psychic,,62,5,38,49,55,82,4,False,1.0,291
617,sdv-id-ryHrSv,Fire,Psychic,91,68,51,170,71,38,3,True,0.0,489
618,sdv-id-SEsVhC,Water,Fighting,116,80,62,46,82,43,1,True,2.0,429
619,sdv-id-okhXdM,Dark,Dark,76,88,67,68,104,84,3,False,5.0,487
620,sdv-id-YKyQjN,Water,Psychic,207,88,73,108,96,132,5,False,2.0,704
621,sdv-id-DVCpTe,Dark,Ice,97,63,60,122,69,68,2,False,3.0,479
622,sdv-id-rtctGj,Rock,Dark,86,83,77,176,174,163,2,True,0.0,759
623,sdv-id-twbZyg,Water,Flying,76,43,29,62,96,45,5,False,1.0,351
624,sdv-id-KrHIag,Steel,Ghost,80,55,68,122,61,60,2,False,3.0,446
625,sdv-id-frlwwg,Water,Water,58,101,61,59,65,72,6,False,2.0,416
626,sdv-id-ffQGXj,Grass,,23,11,42,113,27,151,6,False,1.0,367
627,sdv-id-loiELg,Fire,Flying,49,111,60,93,125,99,6,False,0.0,537
628,sdv-id-WGOCLP,Electric,Poison,42,86,76,80,48,110,1,False,2.0,442
629,sdv-id-caGoNq,Fighting,Steel,88,81,67,70,97,77,3,False,5.0,480
630,sdv-id-VTaAyc,Grass,Grass,40,43,39,70,54,71,6,False,2.0,317
631,sdv-id-rmDqiI,Rock,Dark,53,115,43,70,100,65,3,False,,446
632,sdv-id-NqjdiC,Ground,Flying,146,89,85,80,78,98,2,False,3.0,576
633,sdv-id-Ajmfuz,Steel,Fighting,45,113,199,152,118,99,3,True,3.0,726
634,sdv-id-MsNlAb,Bug,Steel,38,134,74,52,36,23,5,False,1.0,357
635,sdv-id-VzFTWD,Steel,Fairy,108,103,43,128,101,90,5,False,0.0,573
636,sdv-id-fyAIgD,Water,Dark,31,40,58,71,30,30,5,False,1.0,260
637,sdv-id-NKYNeM,Rock,Flying,55,91,60,79,84,120,6,False,2.0,489
638,sdv-id-nGXvdd,Bug,Ice,68,73,107,54,66,34,5,False,0.0,402
639,sdv-id-fyAByf,Grass,,63,36,135,94,160,94,2,False,2.0,582
640,sdv-id-yZaqnr,Rock,Dark,61,93,43,42,44,53,5,False,1.0,336
641,sdv-id-TjqxLC,Normal,Flying,60,56,91,77,38,125,3,False,3.0,447
642,sdv-id-TdsvCG,Water,,66,111,51,77,55,43,1,False,1.0,403
643,sdv-id-AEOaxa,Water,,40,43,32,32,35,31,3,False,1.0,213
644,sdv-id-JkcNVI,Grass,Grass,27,75,45,138,75,28,3,True,0.0,388
645,sdv-id-zcyWph,Normal,,162,76,64,62,62,75,1,False,3.0,501
646,sdv-id-IgAWXr,Fire,Dragon,61,74,83,63,71,108,6,False,1.0,460
647,sdv-id-zpfJaj,Dark,,54,25,31,54,77,66,2,False,1.0,307
648,sdv-id-wbIyws,Bug,,124,102,59,118,62,74,1,False,2.0,539
649,sdv-id-xjVQJq,Ghost,Electric,117,89,140,50,67,62,6,False,2.0,525
650,sdv-id-tQFiEj,Steel,Poison,58,48,110,82,67,56,6,False,2.0,421
651,sdv-id-CcNZoO,Normal,,24,75,31,65,37,23,1,False,1.0,255
652,sdv-id-zkgSGb,Fire,Grass,70,103,77,62,103,47,3,False,2.0,462
653,sdv-id-lYiKlM,Grass,,30,74,118,58,67,24,6,False,1.0,371
654,sdv-id-mWzvbO,Grass,,104,26,39,108,84,70,3,False,0.0,431
655,sdv-id-ObtbiP,Fighting,Psychic,65,72,32,166,86,75,6,False,2.0,496
656,sdv-id-dCacpQ,Ghost,,80,59,32,115,96,142,6,False,3.0,524
657,sdv-id-FxzCOz,Electric,Psychic,37,39,60,64,92,46,1,False,2.0,338
658,sdv-id-mMYkuc,Dark,,44,59,75,42,72,39,2,False,2.0,331
659,sdv-id-STfXyd,Bug,,35,17,43,31,47,38,4,False,1.0,211
660,sdv-id-JutysG,Fairy,Flying,124,163,46,136,106,106,2,True,0.0,681
661,sdv-id-RCMSIf,Ice,Flying,114,106,151,110,68,122,5,False,2.0,671
662,sdv-id-bnamEf,Rock,Ground,126,100,105,67,97,50,6,False,5.0,545
663,sdv-id-GlPxch,Dragon,Dragon,94,109,71,194,97,122,4,True,5.0,687
664,sdv-id-IkfTPL,Grass,,70,100,42,125,76,90,3,False,2.0,503
665,sdv-id-TBDbDG,Water,Psychic,81,42,39,143,31,101,2,False,5.0,437
666,sdv-id-YpOLXx,Psychic,Rock,23,49,37,96,57,73,6,False,2.0,335
667,sdv-id-zUznCw,Ghost,Ground,92,131,91,64,45,69,5,False,1.0,492
668,sdv-id-LQLXOa,Water,Flying,63,84,33,43,64,50,1,False,1.0,337
669,sdv-id-ZyXXjy,Water,,117,95,53,67,65,123,3,False,2.0,520
670,sdv-id-DkqydP,Water,Dragon,20,42,43,73,41,19,4,False,0.0,238
671,sdv-id-hSroYq,Water,Ground,55,88,96,84,131,40,3,False,3.0,494
672,sdv-id-EQMoSQ,Water,Ice,141,98,114,88,117,109,2,False,,667
673,sdv-id-iHszye,Normal,,86,101,109,93,129,101,4,True,0.0,619
674,sdv-id-ehiunk,Bug,Electric,60,46,55,37,45,49,4,False,1.0,292
675,sdv-id-GYZqkq,Steel,Ground,65,65,53,68,41,96,6,False,1.0,388
676,sdv-id-bUMbug,Fighting,Bug,70,58,59,20,36,24,2,False,2.0,267
677,sdv-id-dxdvLH,Bug,Normal,78,50,26,68,52,164,2,False,3.0,438
678,sdv-id-cDdMHQ,Electric,Flying,161,134,55,90,49,120,4,True,0.0,609
679,sdv-id-iQmrvb,Rock,,84,109,67,139,113,114,3,False,3.0,626
680,sdv-id-FFczHL,Poison,Fire,88,60,110,142,105,107,5,False,2.0,612
681,sdv-id-agLtfO,Rock,Electric,46,68,49,123,63,134,3,False,0.0,483
682,sdv-id-fgMxiR,Psychic,,72,160,96,75,68,108,5,False,5.0,579
683,sdv-id-FflJOW,Rock,Grass,37,135,62,136,50,47,4,False,2.0,467
684,sdv-id-HkpJwX,Bug,Grass,39,51,73,23,95,33,5,False,2.0,314
685,sdv-id-wuIfWw,Psychic,,55,110,81,140,91,70,4,True,3.0,547
686,sdv-id-sDhUXq,Bug,,63,48,61,64,109,20,4,False,1.0,365
687,sdv-id-RvQDPD,Dark,Ghost,52,53,49,26,68,40,4,False,1.0,288
688,sdv-id-KEqRbt,Grass,Flying,74,86,86,101,152,94,2,False,0.0,593
689,sdv-id-papGgl,Steel,,112,105,73,119,139,130,6,False,0.0,678
690,sdv-id-wZAtog,Steel,Dragon,121,145,116,89,62,78,3,False,0.0,611
691,sdv-id-JlonRu,Grass,Steel,42,103,53,99,40,104,5,False,1.0,441
692,sdv-id-mjEoQy,Water,Water,49,113,50,134,116,84,5,False,5.0,546
693,sdv-id-owsgEn,Dark,Ice,67,62,39,57,25,50,5,False,1.0,300
694,sdv-id-DwLdtB,Dark,Flying,56,49,82,70,72,28,5,False,0.0,357
695,sdv-id-KCcCPX,Fire,,96,88,114,70,58,26,2,False,2.0,452
696,sdv-id-ylodMd,Water,,60,114,68,88,110,122,1,False,2.0,562
697,sdv-id-xwvWiL,Psychic,,42,53,56,53,95,18,2,False,1.0,317
698,sdv-id-WFXlAm,Bug,,46,92,45,24,49,65,1,False,1.0,321
699,sdv-id-SctbOQ,Rock,Poison,64,38,54,30,24,54,3,False,1.0,264
700,sdv-id-SZAKNe,Grass,Dragon,52,88,48,50,81,101,3,False,0.0,420
701,sdv-id-xMPIxH,Rock,,36,103,54,53,65,83,1,False,1.0,394
702,sdv-id-JuVpWh,Water,Dark,53,70,70,92,99,54,4,False,1.0,438
703,sdv-id-DxMZrB,Bug,Bug,44,60,92,42,81,41,5,False,1.0,360
704,sdv-id-yLWXAg,Rock,,74,123,84,88,138,120,1,False,0.0,627
705,sdv-id-MxgETv,Electric,Flying,130,187,134,66,180,126,2,True,5.0,823
706,sdv-id-wIbDhy,Dragon,Flying,26,49,56,102,103,107,3,True,0.0,443
707,sdv-id-KgYNsV,Psychic,,125,164,26,124,106,121,5,True,0.0,666
708,sdv-id-XDcZoU,Psychic,Fighting,90,105,151,80,151,26,5,False,2.0,603
709,sdv-id-gGRXUl,Normal,Normal,68,52,30,69,59,35,3,False,2.0,313
710,sdv-id-qGaZZM,Electric,,44,74,75,50,71,78,1,False,2.0,392
711,sdv-id-GLmSzJ,Rock,,57,99,102,82,85,75,6,False,2.0,500
712,sdv-id-ArpLjF,Flying,,98,76,73,102,119,85,3,False,0.0,553
713,sdv-id-lrMMnl,Fire,,115,160,62,123,117,138,5,True,0.0,715
714,sdv-id-AQbUnf,Grass,Psychic,38,24,52,91,48,39,1,False,1.0,292
715,sdv-id-FSgzTx,Dragon,,54,66,70,114,111,67,2,False,0.0,482
716,sdv-id-WhJuKC,Rock,Fairy,50,98,12,121,41,43,6,False,1.0,365
717,sdv-id-dRwNzV,Ground,,65,95,59,37,99,103,1,False,5.0,458
718,sdv-id-kWogaG,Psychic,Fairy,68,110,62,75,99,50,5,False,2.0,464
719,sdv-id-jWIbrV,Dark,,96,72,58,82,80,27,4,False,0.0,415
720,sdv-id-jJmmTx,Bug,,14,37,32,42,23,64,5,False,1.0,212
721,sdv-id-PNGSRS,Psychic,,65,93,87,65,66,70,3,False,3.0,446
722,sdv-id-uHFWtY,Water,Steel,51,81,110,81,88,46,1,False,2.0,457
723,sdv-id-mKrHiw,Bug,Ground,70,160,35,194,78,58,5,False,2.0,595
724,sdv-id-IkCzXp,Psychic,Fairy,96,160,86,122,102,94,5,False,5.0,660
725,sdv-id-yfkciE,Poison,,106,84,38,172,48,85,5,False,2.0,533
726,sdv-id-TnGffG,Fighting,Ground,62,115,75,98,105,71,5,False,3.0,526
727,sdv-id-jOHIpG,Flying,Dark,88,61,32,65,67,44,4,False,1.0,357
728,sdv-id-yTajSL,Ghost,Fairy,67,103,82,153,80,131,2,True,5.0,616
729,sdv-id-oagHRi,Psychic,Grass,73,21,72,181,83,94,4,False,2.0,524
730,sdv-id-FDTcwD,Bug,,109,87,28,40,89,36,2,False,0.0,389
731,sdv-id-tKCvXe,Ghost,,79,92,50,129,68,129,5,True,2.0,547
732,sdv-id-svQqLF,Grass,Flying,136,181,96,98,121,111,1,False,3.0,743
733,sdv-id-yVDlUf,Fire,Psychic,87,129,131,97,97,88,3,False,2.0,629
734,sdv-id-rOUuQS,Fire,,58,86,30,110,37,23,1,False,1.0,344
735,sdv-id-uWuhlq,Bug,Poison,50,77,22,62,20,55,3,False,1.0,286
736,sdv-id-kElIhO,Grass,Ice,119,101,58,31,73,86,1,False,1.0,468
737,sdv-id-AzjivJ,Water,Psychic,60,43,67,118,57,109,1,False,2.0,454
738,sdv-id-QrnkAR,Poison,,47,33,9,53,39,105,2,False,1.0,286
739,sdv-id-LIVnxm,Steel,Ground,64,70,53,54,62,138,4,False,2.0,441
740,sdv-id-JgErdw,Dragon,Water,58,68,81,36,36,143,1,False,2.0,422
741,sdv-id-LdraXu,Dragon,Flying,134,79,66,132,109,106,6,True,0.0,626
742,sdv-id-mlLLVe,Normal,,29,21,39,51,73,65,1,False,1.0,278
743,sdv-id-MQgYwP,Fire,,47,140,50,64,63,58,3,False,1.0,422
744,sdv-id-CuRthl,Grass,,34,27,67,121,86,176,5,False,0.0,511
745,sdv-id-SBoInL,Rock,,58,107,61,112,101,93,3,True,0.0,532
746,sdv-id-RYopVP,Grass,Ground,35,35,37,22,63,27,1,False,1.0,219
747,sdv-id-myxUTZ,Ghost,Ground,67,48,25,56,110,109,1,False,0.0,415
748,sdv-id-OXowTU,Normal,Dragon,103,137,92,26,20,75,4,False,2.0,453
749,sdv-id-uyMBCG,Electric,Psychic,65,127,49,129,79,115,6,True,0.0,564
750,sdv-id-VHLjXb,Normal,,79,93,50,96,65,72,5,True,1.0,455
751,sdv-id-wVsmBR,Water,Fighting,42,122,98,62,111,75,2,False,3.0,510
752,sdv-id-ygIoiN,Poison,Flying,52,44,35,61,48,80,6,False,1.0,320
753,sdv-id-qAiPuK,Water,,47,38,96,42,66,57,3,False,2.0,346
754,sdv-id-QHOaus,Rock,,53,119,105,37,83,41,2,False,2.0,438
755,sdv-id-oiDcbk,Fairy,Ground,73,53,60,41,29,54,4,False,3.0,310
756,sdv-id-aJXBiK,Poison,,76,33,134,60,86,65,6,False,3.0,454
757,sdv-id-YeePsf,Electric,,11,94,27,98,76,136,1,False,0.0,442
758,sdv-id-QTdMCa,Water,,90,75,80,45,56,70,4,False,2.0,416
759,sdv-id-YaZrNf,Electric,,63,36,58,80,107,64,2,False,2.0,408
760,sdv-id-kUaqxc,Flying,Psychic,166,66,54,89,45,92,3,False,1.0,512
761,sdv-id-HejNHx,Steel,Psychic,99,123,100,108,102,86,3,False,,618
762,sdv-id-yvBbZr,Electric,Fighting,94,96,96,131,82,121,6,True,0.0,620
763,sdv-id-njBVtI,Fighting,Fairy,73,98,55,99,20,54,1,False,2.0,399
764,sdv-id-DkmCCu,Psychic,,43,133,39,120,157,109,2,True,0.0,601
765,sdv-id-MfAVzf,Fighting,Ghost,93,110,124,127,92,24,1,True,5.0,570
766,sdv-id-PpKIWX,Water,Dragon,56,56,40,51,28,32,4,False,1.0,263
767,sdv-id-UEQCiY,Ghost,,82,74,53,71,105,81,2,False,0.0,466
768,sdv-id-evrbjY,Rock,Ground,99,50,106,120,39,52,2,False,2.0,466
769,sdv-id-Vlhkim,Ground,,38,83,51,74,75,78,4,False,1.0,399
770,sdv-id-jKpYLo,Normal,Flying,96,79,36,72,54,161,6,False,0.0,498
771,sdv-id-BKpgxx,Rock,,30,95,93,103,67,90,5,False,1.0,478
772,sdv-id-AehKsB,Normal,Normal,49,131,46,97,92,110,2,False,2.0,525
773,sdv-id-oLSPtz,Normal,,82,67,78,52,55,50,5,False,1.0,384
774,sdv-id-sJvoYJ,Water,,68,56,61,48,30,43,2,False,2.0,306
775,sdv-id-cvBRRb,Rock,,66,61,111,95,68,19,4,False,2.0,420
776,sdv-id-MqLHWa,Rock,Ghost,79,96,68,120,106,140,5,False,2.0,609
777,sdv-id-wpWOpr,Normal,Dragon,43,139,114,131,59,50,1,False,5.0,536
778,sdv-id-CQSaUl,Dark,Flying,142,121,78,92,113,112,5,True,0.0,658
779,sdv-id-brxvNn,Water,,115,115,115,110,177,105,5,True,0.0,737
780,sdv-id-JQzIIQ,Fire,Normal,59,68,33,124,65,87,5,False,0.0,436
781,sdv-id-MLicuQ,Grass,,80,82,81,146,36,111,5,False,2.0,536
782,sdv-id-ObEQEJ,Water,,58,50,96,51,174,51,1,False,2.0,480
783,sdv-id-TnNAvo,Electric,Dark,80,70,71,78,123,39,5,False,2.0,461
784,sdv-id-jJsZlW,Water,,41,89,42,79,53,115,1,False,1.0,419
785,sdv-id-qyvzgn,Rock,Dark,77,103,81,70,136,65,3,False,5.0,532
786,sdv-id-CGRurG,Grass,Flying,75,110,134,73,148,60,1,False,0.0,600
787,sdv-id-Bsaivh,Ice,Grass,55,82,78,64,69,115,4,False,3.0,463
788,sdv-id-jUXciY,Water,,127,69,57,42,81,37,2,False,2.0,413
789,sdv-id-yxiMvN,Grass,,69,78,83,43,71,104,2,False,2.0,448
790,sdv-id-DlkNuA,Electric,Ice,61,60,85,53,39,91,1,False,2.0,389
791,sdv-id-AYUXXS,Ground,,92,132,111,59,78,48,6,False,3.0,520
792,sdv-id-ugIqEM,Electric,,100,73,105,35,74,39,5,False,0.0,426
793,sdv-id-TChzoz,Rock,,54,80,59,75,67,100,3,False,0.0,435
794,sdv-id-cqYXfA,)Normal,,56,44,26,27,84,87,4,False,1.0,324
795,sdv-id-mjpBdL,Fighting,Rock,72,30,100,87,106,74,3,False,2.0,469
796,sdv-id-AXEsgQ,Dragon,Fighting,50,81,102,60,96,84,1,False,2.0,473
797,sdv-id-nhlgUT,Dragon,,110,99,73,119,65,78,5,True,0.0,544
798,sdv-id-kBjKmt,Water,,73,39,16,51,48,34,6,False,1.0,261
799,sdv-id-ImDjBF,Psychic,Ghost,64,100,79,111,59,138,5,False,1.0,551
