,Type 1,Type 2,HP,Attack,Defense,Sp. Atk,Sp. Def,Speed,Generation,Legendary,Evolution,Total
0,Water,,61,106,22,40,60,44,3,False,Basic,333
1,Dark,Flying,99,92,54,26,64,135,1,False,Stage2,470
2,Grass,,62,46,42,76,101,47,5,False,Basic,374
3,Water,Flying,70,104,86,11,120,71,2,False,Stage1,462
4,Ground,,35,77,17,20,22,5,5,False,Basic,176
5,Normal,Flying,85,29,67,123,74,67,1,False,Stage1,445
6,Psychic,,39,33,208,166,127,81,1,False,Stage1,654
7,Normal,Bug,83,65,84,74,58,5,3,False,Stage2,369
8,Fairy,Flying,40,37,47,53,113,84,3,False,Basic,374
9,Dragon,Fire,133,113,115,163,208,78,1,True,Basic,810
10,Dark,Psychic,54,48,114,107,117,95,4,False,Stage1,535
11,Fighting,Rock,83,103,49,112,130,143,1,False,Stage1,620
12,Bug,Dragon,74,91,47,28,20,80,1,False,Basic,340
13,Water,Psychic,78,7,88,44,81,52,6,False,Stage1,350
14,Psychic,Psychic,106,111,87,126,111,104,3,True,Basic,645
15,Rock,Electric,43,33,22,45,56,132,3,False,Stage2,331
16,Steel,Ground,54,75,74,72,52,123,4,False,Basic,450
17,Rock,Flying,59,47,47,29,37,99,2,False,Stage1,318
18,Fire,Fighting,112,130,65,105,31,120,6,True,Stage2,563
19,Ground,,59,76,69,50,90,51,1,False,Stage1,395
20,Ground,Fighting,78,63,88,78,102,102,6,False,Basic,511
21,Ground,Flying,73,106,77,100,82,85,3,False,Stage1,523
22,Psychic,Psychic,68,173,80,108,200,65,2,False,Mega,694
23,Ice,Ghost,76,90,53,56,99,52,3,False,Basic,426
24,Bug,,45,49,85,55,56,84,6,False,Mega,374
25,Psychic,,45,39,34,61,54,124,1,False,Basic,357
26,Poison,,94,103,50,71,140,158,6,False,Stage2,616
27,Water,,82,81,126,92,97,102,6,True,Basic,580
28,Ghost,,37,64,89,25,34,65,2,False,Basic,314
29,Rock,Ice,43,159,107,93,58,60,3,False,Stage1,520
30,Normal,Grass,132,114,89,79,62,46,4,False,Mega,522
31,Ice,Flying,53,6,69,81,87,101,5,False,Basic,397
32,Dark,Dark,63,121,20,21,81,112,5,False,Basic,418
33,Steel,Flying,68,145,65,52,47,31,5,False,Basic,408
34,Fairy,Dark,70,31,80,33,62,82,4,False,Basic,358
35,Water,Grass,95,17,98,29,66,68,5,False,Stage1,373
36,Dark,,43,51,63,157,28,59,4,False,Basic,401
37,Electric,,27,63,28,79,68,20,4,False,Basic,285
38,Rock,,56,134,50,46,20,78,5,False,Basic,384
39,Grass,,65,108,78,30,60,43,6,False,Stage1,384
40,Steel,Fighting,124,111,31,52,57,5,4,False,Basic,380
41,Water,Flying,112,119,94,130,195,115,3,True,Basic,765
42,Fighting,,106,78,92,107,117,76,1,False,Stage1,576
43,Rock,Fire,48,79,43,144,53,104,6,True,Stage1,471
44,Fighting,,50,79,62,68,36,30,4,False,Basic,325
45,Psychic,,114,141,145,150,131,100,4,True,Basic,781
46,Bug,Dark,47,87,60,83,45,114,1,False,Stage1,436
47,Fire,,53,46,95,57,80,37,2,False,Basic,368
48,Rock,Steel,45,70,120,150,105,106,3,False,Stage1,596
49,Water,Fairy,66,113,96,87,93,76,4,False,Stage2,531
50,Electric,Ice,64,119,133,81,185,135,6,False,Mega,717
51,)Normal,,54,47,64,43,107,77,5,False,Stage1,392
52,Grass,,48,117,49,80,59,26,4,False,Basic,379
53,Electric,,75,150,150,92,189,101,1,True,Basic,757
54,Dragon,Grass,69,66,99,39,91,137,1,False,Basic,501
55,Dark,Psychic,158,110,134,146,155,73,4,True,Basic,776
56,Water,Fairy,19,29,58,61,81,107,6,False,Stage1,355
57,Fairy,Flying,94,91,71,123,106,101,2,False,Mega,586
58,Ground,,50,64,57,30,31,101,2,False,Basic,333
59,Psychic,,120,125,92,127,166,106,3,True,Basic,736
60,Fire,Flying,158,115,89,98,102,57,3,False,Mega,619
61,Flying,Dark,71,80,89,156,110,101,3,True,Mega,607
62,Water,,33,58,52,80,87,66,4,False,Basic,376
63,Dark,Flying,72,118,71,72,42,9,4,False,Stage1,384
64,Bug,,68,98,73,63,33,34,4,False,Basic,369
65,Water,Rock,67,107,97,21,90,101,2,False,Basic,483
66,Ice,Dragon,51,73,84,36,75,71,2,False,Basic,390
67,Ground,,67,124,18,49,22,127,5,False,Basic,407
68,Water,Fairy,18,59,66,57,52,36,6,False,Basic,288
69,Poison,Ground,96,190,141,67,94,121,1,False,Mega,709
70,Bug,Ground,56,47,102,76,96,59,1,False,Stage1,436
71,Rock,,65,80,61,49,27,44,1,False,Stage2,326
72,Grass,Flying,89,47,68,56,89,76,4,False,Basic,425
73,Fire,Ice,118,119,77,144,120,151,4,False,Mega,729
74,Rock,Fighting,75,59,138,62,132,56,6,False,Mega,522
75,Normal,,50,134,53,46,68,87,5,False,Basic,438
76,Normal,,59,64,92,76,85,39,3,False,Stage1,415
77,Flying,,47,31,38,48,74,40,1,False,Basic,278
78,Ghost,,54,39,39,48,167,61,3,False,Stage1,408
79,Normal,,19,68,39,44,20,5,1,False,Basic,195
80,Ground,,81,153,133,125,92,40,1,False,Stage1,624
81,Fighting,Steel,112,86,126,46,88,71,6,False,Stage2,529
82,Grass,Normal,95,90,84,50,49,68,1,False,Stage1,436
83,Fire,Steel,72,81,75,56,71,113,6,False,Stage1,468
84,Normal,,43,64,34,23,39,93,2,False,Basic,296
85,Dark,Fire,63,110,71,178,96,120,1,False,Mega,638
86,Water,,52,34,40,37,70,75,2,False,Basic,308
87,Water,Rock,109,100,61,60,92,52,5,False,Mega,474
88,Dragon,Flying,67,83,69,69,82,66,6,False,Basic,436
89,Dragon,,44,77,115,143,82,98,1,True,Basic,559
90,Poison,Fighting,72,70,61,132,86,172,1,False,Stage2,593
91,Fairy,,69,10,29,73,36,75,5,False,Basic,292
92,Poison,,49,106,118,34,54,147,3,True,Basic,508
93,Poison,,36,26,53,37,63,66,1,False,Basic,281
94,Water,Flying,36,46,44,88,55,123,5,False,Basic,392
95,Dark,,124,85,69,120,80,21,3,False,Basic,499
96,Dark,Fairy,56,69,64,128,95,169,4,False,Stage2,581
97,Water,Fairy,38,124,95,52,80,141,1,False,Stage1,530
98,Poison,Fighting,35,15,65,94,106,19,5,False,Stage1,334
99,Grass,Ghost,58,45,21,128,49,129,2,False,Stage1,430
100,Dragon,,54,71,34,117,92,82,4,False,Basic,450
101,Water,Psychic,104,115,95,49,91,33,4,False,Stage1,487
102,Water,Flying,77,144,118,109,169,116,6,True,Basic,733
103,Normal,Flying,88,72,91,122,133,85,3,False,Stage1,591
104,Normal,Flying,67,65,112,51,80,139,4,False,Basic,514
105,Ground,,38,76,46,88,64,33,1,False,Basic,345
106,Bug,Poison,37,75,76,67,106,56,6,False,Mega,417
107,Grass,,28,53,23,44,26,12,2,False,Basic,186
108,Ghost,Dragon,35,88,77,42,64,81,1,False,Stage1,387
109,)Normal,Flying,73,65,36,85,48,23,3,False,Basic,330
110,Electric,,96,46,25,87,41,90,2,False,Stage2,385
111,Electric,Dragon,40,107,225,155,83,97,6,False,Stage1,707
112,Electric,,79,67,56,131,93,22,1,False,Stage1,448
113,Bug,Grass,16,110,67,72,74,62,1,False,Stage1,401
114,Grass,Grass,48,112,74,126,108,90,6,False,Mega,558
115,Dragon,Flying,93,170,115,194,132,72,5,True,Basic,776
116,Ground,,57,66,30,58,28,5,3,False,Basic,244
117,Psychic,,35,96,19,116,68,5,5,False,Basic,339
118,Bug,Ghost,44,43,58,55,74,128,2,False,Basic,402
119,Fire,Poison,27,74,74,82,68,145,1,False,Mega,470
120,Dark,Grass,56,48,101,131,128,33,5,False,Stage2,497
121,Fighting,Fighting,48,96,121,41,71,107,4,False,Stage1,484
122,Normal,Ghost,64,116,84,17,34,81,3,False,Mega,396
123,Steel,Dragon,74,102,125,120,79,44,6,False,Mega,544
124,Water,,98,102,134,45,65,50,6,False,Stage1,494
125,Fire,Dark,137,108,118,74,83,38,5,False,Stage2,558
126,Water,,98,105,79,82,87,80,4,False,Mega,531
127,Psychic,,40,107,91,140,149,51,3,False,Mega,578
128,Ground,Dark,47,57,85,94,98,95,3,False,Stage1,476
129,Steel,,112,76,77,154,114,89,3,True,Basic,622
130,Grass,,118,71,84,58,63,36,3,False,Stage2,430
131,Psychic,Ghost,61,94,63,93,97,36,5,False,Basic,444
132,Water,Bug,115,136,65,77,66,117,5,False,Stage2,576
133,Psychic,,80,78,62,54,38,55,2,False,Basic,367
134,Fairy,Normal,48,96,36,106,172,66,1,False,Stage1,524
135,Psychic,Dragon,35,25,52,45,43,74,2,False,Basic,274
136,Fighting,Dark,45,69,109,91,37,73,1,False,Stage2,424
137,Rock,,71,78,52,31,62,42,2,False,Mega,336
138,Psychic,,18,74,20,57,30,96,1,False,Basic,295
139,Fire,Normal,75,109,39,194,107,79,4,True,Stage1,603
140,Psychic,,149,142,101,81,173,81,3,True,Basic,727
141,Dragon,Flying,51,78,140,135,147,123,3,True,Basic,674
142,Psychic,Normal,27,52,47,70,28,64,1,False,Basic,288
143,Electric,Dark,47,39,51,55,47,122,6,False,Stage1,361
144,Dragon,Psychic,121,182,117,86,168,51,4,True,Basic,725
145,Grass,,37,78,46,38,70,114,5,False,Basic,383
146,Normal,Ground,20,89,37,46,83,8,3,False,Basic,283
147,Ghost,,6,65,88,105,99,85,1,False,Mega,448
148,Steel,Water,79,108,118,104,68,67,1,False,Mega,544
149,Psychic,Flying,64,81,62,92,174,111,5,False,Stage2,584
150,Rock,,77,95,110,193,96,60,4,False,Mega,631
151,Water,Fighting,62,64,74,71,39,86,3,False,Mega,396
152,Water,Dark,102,182,38,101,52,17,6,False,Stage2,492
153,Normal,,80,110,114,186,107,87,3,True,Basic,684
154,Steel,Poison,166,121,105,122,108,25,3,False,Stage1,647
155,Fighting,Flying,104,73,123,76,58,9,1,False,Stage2,443
156,Rock,Poison,105,70,42,54,72,24,6,False,Basic,367
157,Ghost,Bug,85,86,48,62,120,54,4,False,Mega,455
158,Fighting,Fighting,56,87,79,57,32,170,1,False,Mega,481
159,Psychic,Fairy,59,139,72,76,37,79,3,False,Basic,462
160,Steel,Dark,59,20,22,107,104,61,1,False,Stage2,373
161,Electric,Electric,60,82,67,96,49,57,2,False,Basic,411
162,Water,,115,134,71,93,75,5,6,True,Stage1,493
163,Electric,Fairy,111,116,82,87,189,51,3,False,Basic,636
164,Psychic,,67,33,65,42,58,38,4,False,Basic,303
165,Rock,,46,149,109,71,20,71,4,False,Basic,466
166,Dragon,Flying,67,49,115,93,117,89,4,True,Basic,530
167,Ice,Ground,82,122,94,134,130,101,3,False,Basic,663
168,Fairy,,94,71,120,66,57,74,5,False,Basic,482
169,Bug,Ice,58,81,57,21,50,115,4,False,Basic,382
170,Steel,Fighting,103,68,141,86,126,49,2,True,Mega,573
171,Fire,Ground,71,125,127,156,89,82,3,False,Stage1,650
172,Water,Psychic,126,137,88,75,88,67,3,True,Mega,581
173,Dragon,,89,122,144,137,77,85,3,True,Mega,654
174,Flying,Grass,85,144,73,194,136,98,3,False,Mega,730
175,Bug,Poison,47,125,22,42,43,44,3,False,Basic,323
176,Rock,,86,35,88,83,119,98,3,False,Stage1,509
177,Dark,Steel,43,41,137,96,128,18,1,False,Stage1,463
178,Ground,,94,125,63,66,65,80,4,False,Stage1,493
179,Water,,56,28,40,66,47,70,5,False,Basic,307
180,Psychic,Normal,98,125,59,95,150,84,6,False,Stage1,611
181,Rock,Fighting,39,19,49,73,166,73,4,False,Mega,419
182,Dark,Psychic,108,78,55,77,103,102,4,False,Basic,523
183,Fire,Ice,107,54,34,60,90,34,5,False,Basic,379
184,Psychic,Fairy,79,23,51,100,55,102,4,False,Basic,410
185,Bug,Ice,90,88,69,62,103,27,4,False,Stage1,439
186,Grass,,26,45,9,48,20,45,1,False,Basic,193
187,Bug,Psychic,45,49,73,59,95,81,2,False,Stage1,402
188,)Normal,Psychic,58,35,77,90,86,40,2,False,Basic,386
189,Normal,Normal,33,48,26,22,86,68,5,False,Basic,283
190,Rock,,43,77,105,75,74,105,3,False,Basic,479
191,Water,,67,33,84,63,111,19,1,False,Stage1,377
192,Psychic,Flying,86,97,31,192,113,65,5,True,Basic,584
193,Dark,,50,97,54,127,38,23,4,False,Mega,389
194,Fire,,99,116,59,123,85,118,3,False,Basic,600
195,Dark,Poison,114,139,60,92,76,34,3,False,Basic,515
196,Ghost,,50,53,87,52,66,47,5,False,Basic,355
197,Ghost,Ground,40,80,112,25,83,28,1,False,Stage1,368
198,Psychic,Steel,23,40,66,40,134,105,5,False,Basic,408
199,Bug,Poison,65,16,62,27,46,59,2,False,Basic,275
200,Bug,Electric,53,117,60,53,120,103,5,False,Basic,506
201,Water,,30,51,98,64,87,50,2,False,Mega,380
202,Poison,,44,123,55,55,75,27,1,False,Basic,379
203,Fire,,98,51,138,190,189,92,4,True,Basic,758
204,Normal,,86,80,56,83,114,65,6,False,Stage1,484
205,Dark,Fairy,68,51,37,33,66,5,5,False,Basic,260
206,Dragon,,100,130,75,181,230,98,3,True,Basic,814
207,Psychic,,23,43,81,85,45,104,5,False,Basic,381
208,Water,,71,91,86,84,106,44,1,False,Basic,482
209,Fire,,79,58,71,51,105,143,5,False,Stage1,507
210,Flying,,73,12,87,72,51,103,6,False,Basic,398
211,Electric,,63,99,71,139,87,19,6,False,Stage1,478
212,Grass,Psychic,71,61,89,56,62,64,2,False,Stage2,403
213,Bug,Fairy,38,22,20,78,20,26,3,False,Basic,204
214,Water,Flying,59,90,93,79,106,90,3,True,Basic,517
215,Grass,Poison,60,76,74,50,126,44,1,False,Basic,430
216,Water,,35,73,118,70,98,62,2,False,Stage1,456
217,Grass,Poison,115,117,141,154,86,44,1,False,Basic,657
218,Bug,Water,113,137,50,50,46,64,1,False,Stage1,460
219,Water,Flying,86,14,80,76,174,57,5,False,Stage2,487
220,Bug,Dark,60,145,104,98,107,81,2,False,Stage1,595
221,Grass,Psychic,88,39,110,118,193,68,3,False,Basic,616
222,Dark,,52,114,161,115,122,123,3,False,Stage2,687
223,Water,Ground,118,72,52,194,125,89,3,True,Stage2,650
224,Dark,Poison,86,29,38,64,80,77,3,False,Basic,374
225,Ground,Rock,65,135,37,87,104,64,5,False,Stage1,492
226,Psychic,,154,166,73,167,142,116,3,True,Basic,818
227,Grass,Fighting,81,43,46,170,72,79,1,False,Stage1,491
228,Flying,Steel,38,21,73,51,74,38,3,False,Basic,295
229,Normal,Ice,96,137,110,79,133,84,1,False,Mega,639
230,Water,Dark,59,36,73,103,100,87,1,False,Basic,458
231,Flying,Rock,44,55,52,58,73,112,6,False,Basic,394
232,Poison,Rock,71,53,45,66,56,29,5,False,Stage1,320
233,Normal,,81,64,30,100,48,39,3,False,Stage2,362
234,Ground,Normal,118,164,66,184,155,22,5,False,Stage2,709
235,Ghost,,36,58,61,79,60,57,6,False,Basic,351
236,Grass,Ground,85,99,128,49,127,25,1,False,Stage1,513
237,Dark,Ice,58,103,94,64,68,64,1,False,Stage1,451
238,Water,Water,113,71,28,88,55,52,5,False,Basic,407
239,Water,Rock,73,27,114,89,73,21,2,False,Basic,397
240,Normal,Electric,88,142,76,63,74,93,5,False,Basic,536
241,Normal,,78,65,55,10,20,52,2,False,Basic,280
242,Grass,Psychic,26,59,43,38,94,5,6,False,Stage1,265
243,Psychic,Dragon,65,45,44,26,52,45,5,False,Basic,277
244,Bug,,22,64,73,70,49,13,5,False,Stage1,291
245,Water,Grass,68,66,57,26,111,24,3,False,Basic,352
246,Dark,Ghost,46,66,85,28,75,103,3,False,Basic,403
247,Fire,Steel,77,117,63,37,56,76,5,False,Basic,426
248,Fire,,55,35,95,124,63,95,1,False,Basic,467
249,Ice,,127,60,48,75,43,5,4,False,Stage1,358
250,Normal,Poison,94,71,101,93,101,89,3,False,Stage2,549
251,Bug,Rock,41,78,59,84,50,56,5,False,Basic,368
252,Normal,Fighting,88,163,111,57,74,113,4,True,Basic,606
253,Grass,Ghost,84,175,64,153,126,130,5,False,Mega,732
254,Psychic,Fairy,107,148,68,114,67,103,5,False,Stage2,607
255,Dragon,Flying,88,135,133,136,77,69,6,True,Basic,638
256,Rock,Flying,54,63,113,86,103,86,5,False,Stage1,505
257,Electric,,66,112,115,105,122,71,6,False,Stage1,591
258,Rock,Fire,54,137,110,116,125,80,5,False,Stage1,622
259,Rock,Ice,193,92,92,64,90,78,4,False,Stage1,609
260,Bug,,78,182,69,123,29,69,4,False,Stage1,550
261,Grass,,53,93,81,90,107,88,3,False,Basic,512
262,Ghost,,49,95,26,131,41,58,3,False,Basic,400
263,Water,Flying,15,32,12,78,66,74,5,False,Basic,277
264,Water,,72,116,90,102,115,92,1,False,Stage2,587
265,Rock,Psychic,52,37,105,73,67,27,3,False,Basic,361
266,Dragon,,53,22,54,64,53,72,1,False,Basic,318
267,Dragon,Ground,75,151,76,116,55,63,4,False,Stage1,536
268,Water,,56,64,31,68,52,26,1,False,Stage1,297
269,Flying,Grass,61,121,124,138,99,104,4,True,Stage1,647
270,Water,Dragon,60,20,101,73,69,59,2,False,Basic,382
271,Water,Ghost,53,51,48,51,51,48,4,False,Basic,302
272,Bug,Ground,48,61,63,44,38,41,5,False,Stage1,295
273,Steel,Ghost,102,75,58,63,68,106,3,False,Stage1,472
274,Poison,Flying,64,71,117,93,117,39,5,False,Basic,501
275,Ghost,,28,75,147,44,77,32,5,False,Basic,403
276,Water,Ice,77,104,64,51,56,58,5,False,Basic,410
277,Water,,44,33,11,58,20,5,3,False,Basic,171
278,Psychic,Steel,40,101,54,39,58,72,5,False,Stage1,364
279,Poison,,51,68,104,36,55,24,6,False,Basic,338
280,Dark,Steel,53,95,75,25,85,71,6,False,Stage2,404
281,Grass,Dragon,63,136,27,152,54,58,4,False,Stage1,490
282,Ice,,124,127,129,44,81,69,3,True,Stage2,574
283,Psychic,Flying,119,116,58,181,126,45,3,True,Basic,645
284,Grass,Ghost,96,148,95,90,117,57,5,False,Mega,603
285,Rock,,41,136,87,47,65,113,3,False,Mega,489
286,Ground,Poison,76,34,55,48,64,85,5,False,Basic,362
287,Normal,,56,95,169,87,70,20,3,False,Stage1,497
288,Psychic,,105,77,84,87,65,49,4,False,Basic,467
289,Normal,,52,108,75,25,69,63,5,False,Basic,392
290,Water,,74,83,47,70,70,99,5,False,Basic,443
291,Bug,,59,122,16,40,59,22,5,False,Basic,318
292,Poison,Fairy,57,76,84,40,27,49,1,False,Stage2,333
293,Fire,Ground,81,118,83,38,79,72,6,False,Stage1,471
294,Ghost,,78,166,55,120,74,121,5,True,Stage1,614
295,Dark,,60,128,87,127,48,132,4,False,Stage1,582
296,Fire,,99,183,87,170,133,113,6,True,Mega,785
297,Ghost,Dragon,55,88,79,78,118,54,4,False,Stage2,472
298,Steel,Fairy,59,110,63,109,37,74,6,False,Stage1,452
299,Water,Fairy,78,112,54,55,56,24,3,False,Stage1,379
300,Bug,Steel,87,45,56,61,88,41,1,False,Basic,378
301,Bug,,47,31,48,115,72,39,5,False,Stage2,352
302,Psychic,,96,147,122,149,102,107,4,True,Mega,723
303,Normal,Poison,38,97,33,109,93,34,3,False,Basic,404
304,Water,,79,63,29,69,66,64,4,False,Basic,370
305,Poison,Psychic,41,41,87,45,100,78,2,False,Stage1,392
306,Ghost,Fairy,81,36,124,176,97,50,5,False,Stage2,564
307,Fairy,,70,70,33,81,71,40,5,False,Basic,365
308,Psychic,Steel,30,57,48,83,42,100,1,False,Stage1,360
309,Fighting,,55,110,80,57,89,81,3,False,Mega,472
310,Bug,,101,134,128,142,132,96,4,False,Mega,733
311,Psychic,,65,74,64,52,73,111,1,False,Mega,439
312,Steel,Bug,90,70,118,84,116,72,5,False,Stage1,550
313,Ghost,Fighting,28,55,55,45,48,48,5,False,Basic,279
314,Poison,Grass,77,92,93,137,158,43,4,False,Stage1,600
315,Electric,Electric,57,43,67,75,138,21,3,False,Basic,401
316,Steel,,56,75,54,42,64,21,4,False,Stage1,312
317,Ground,,64,145,40,28,42,33,5,False,Basic,352
318,Ghost,Water,81,28,81,158,121,30,4,False,Stage2,499
319,Electric,,34,40,36,31,41,8,5,False,Basic,190
320,Electric,Water,66,91,51,136,89,96,6,False,Stage1,529
321,Grass,,83,57,77,35,61,62,6,True,Basic,375
322,Dark,Grass,74,68,80,60,78,69,2,True,Basic,429
323,Ghost,,65,68,70,60,51,26,2,False,Basic,340
324,Normal,Dragon,118,111,129,92,85,87,4,False,Stage1,622
325,Normal,,140,55,106,90,53,15,3,False,Basic,459
326,Fire,Flying,111,36,64,111,77,155,6,False,Mega,554
327,Water,Bug,48,58,73,127,86,57,3,False,Stage1,449
328,Water,,57,95,72,70,102,138,1,True,Basic,534
329,Water,,27,31,46,194,163,74,3,False,Stage1,535
330,Normal,,47,119,73,13,33,132,6,False,Basic,417
331,Poison,Flying,65,63,109,82,57,54,5,False,Stage1,430
332,Psychic,,78,183,122,157,116,100,3,True,Basic,756
333,Grass,,39,48,31,57,56,38,3,False,Basic,269
334,Psychic,Poison,68,49,21,43,39,87,4,False,Stage1,307
335,Steel,Ice,93,151,107,194,138,80,3,True,Basic,763
336,Dragon,,81,146,98,63,130,5,3,True,Basic,523
337,Psychic,,64,144,12,136,35,117,3,False,Basic,508
338,Dragon,Ghost,45,89,76,28,63,28,3,False,Stage2,329
339,Grass,Ice,92,60,23,81,77,101,1,False,Stage1,434
340,Bug,Dark,101,135,63,119,54,110,3,False,Stage2,582
341,Normal,Bug,85,140,47,60,74,89,3,False,Stage1,495
342,Dragon,,93,189,122,186,139,61,3,True,Mega,790
343,Dark,Psychic,61,105,95,60,82,32,4,False,Mega,435
344,Rock,,28,54,59,193,79,108,6,False,Mega,521
345,Ice,Ground,34,104,65,66,66,51,3,False,Stage1,386
346,Water,,66,72,30,46,81,17,1,False,Basic,312
347,Ground,Ice,78,68,42,38,67,35,5,False,Basic,328
348,Psychic,,97,75,103,168,199,74,3,True,Basic,716
349,Dragon,Fighting,105,78,95,61,55,119,3,False,Mega,513
350,Ghost,,51,59,41,63,39,71,4,False,Stage1,324
351,Electric,,82,61,21,108,143,29,5,False,Stage2,444
352,Dragon,Flying,196,86,129,126,123,88,4,True,Basic,748
353,Psychic,,52,48,45,68,67,97,5,False,Basic,377
354,Steel,,70,81,230,91,130,38,1,False,Stage2,640
355,Steel,Ground,90,105,73,109,64,60,4,False,Stage1,501
356,Fighting,Steel,63,72,70,14,54,68,4,False,Stage1,341
357,Normal,,55,41,39,52,26,86,3,False,Basic,299
358,Dragon,Psychic,124,84,92,107,119,43,3,True,Basic,569
359,Electric,Rock,82,134,102,48,121,29,3,False,Stage1,516
360,Normal,,64,44,70,46,78,71,2,False,Basic,373
361,Normal,,46,104,49,90,116,80,3,False,Stage1,485
362,Electric,,22,74,31,45,34,54,3,False,Basic,260
363,Grass,Fairy,69,29,80,63,54,56,5,False,Basic,351
364,Grass,,73,132,55,112,34,49,1,False,Stage1,455
365,Normal,,50,69,48,91,106,49,4,False,Stage1,413
366,Fighting,Ground,153,130,97,83,50,65,1,False,Stage1,578
367,Normal,,61,82,91,194,134,6,2,True,Basic,568
368,Ghost,,59,5,7,90,24,84,2,False,Basic,269
369,Normal,Dark,51,106,64,45,80,5,3,False,Stage1,351
370,Fire,Dark,69,115,95,98,54,110,5,False,Stage1,541
371,Fire,Ground,113,37,135,81,120,22,5,False,Stage1,508
372,Grass,Fighting,46,16,47,52,81,15,5,False,Stage2,257
373,Ice,Water,88,80,39,21,77,62,6,False,Basic,367
374,Psychic,,119,86,108,148,129,28,3,False,Stage2,618
375,Ghost,Rock,59,64,78,109,115,76,1,False,Stage1,501
376,Normal,Flying,89,55,46,64,119,108,4,False,Stage2,481
377,Bug,,27,65,34,55,46,82,4,False,Stage1,309
378,Grass,,70,113,20,22,20,33,5,False,Basic,278
379,Psychic,Ground,50,15,66,34,69,95,3,False,Basic,329
380,Grass,Water,85,95,45,144,70,55,1,False,Stage2,494
381,Fairy,Electric,64,58,66,35,63,102,6,False,Stage1,388
382,Water,Ground,58,100,129,100,125,71,3,True,Basic,583
383,Steel,Ice,74,98,131,122,92,106,3,False,Mega,623
384,Normal,Flying,56,63,64,66,78,105,2,False,Basic,432
385,Grass,,64,28,69,66,58,12,2,False,Basic,297
386,Bug,,46,51,68,50,70,103,1,False,Basic,388
387,Psychic,Psychic,35,71,53,116,116,109,5,False,Mega,500
388,Electric,Steel,53,81,83,170,90,50,5,False,Stage1,527
389,Water,Poison,78,180,182,150,131,120,3,False,Mega,841
390,)Normal,Steel,75,88,83,69,75,72,5,False,Basic,462
391,Rock,,65,56,64,82,110,99,3,False,Stage1,476
392,Water,Grass,47,46,43,83,81,54,5,False,Stage1,354
393,Ground,Poison,77,146,103,99,77,114,1,False,Stage1,616
394,Fire,Flying,63,92,96,95,197,137,3,False,Stage2,680
395,Grass,Ice,55,90,72,97,53,54,1,False,Basic,421
396,Water,Ground,70,36,60,42,54,85,2,False,Stage1,347
397,Dragon,Fairy,99,185,230,78,87,78,4,True,Mega,757
398,Ground,Bug,44,55,22,40,23,13,4,False,Basic,197
399,Normal,,94,69,91,99,80,44,1,False,Mega,477
400,Water,,88,77,84,54,80,30,5,False,Mega,413
401,Rock,Water,19,45,53,85,62,76,3,False,Stage1,340
402,Water,Flying,52,43,22,123,100,41,3,False,Stage1,381
403,Psychic,Dragon,92,76,122,184,174,106,3,True,Basic,754
404,Normal,,36,80,33,54,53,62,5,False,Basic,318
405,Psychic,Flying,64,33,38,93,40,59,1,False,Stage1,327
406,Normal,,63,61,60,65,53,71,3,False,Stage1,373
407,Water,Dragon,62,90,55,66,47,126,2,False,Stage1,446
408,Rock,Ground,141,157,183,104,100,55,2,True,Stage2,740
409,Dragon,Flying,112,88,26,66,47,76,3,False,Stage2,415
410,Normal,Dark,148,63,74,142,134,34,2,False,Stage2,595
411,Steel,,18,51,29,75,64,30,1,False,Basic,267
412,Water,,79,133,82,89,72,5,3,False,Stage1,460
413,Water,Fire,90,163,63,120,105,106,4,False,Mega,647
414,Psychic,Psychic,73,32,156,95,98,104,1,False,Mega,558
415,Steel,Flying,110,117,127,106,90,82,4,True,Basic,632
416,Electric,,75,101,167,135,170,83,4,False,Stage1,731
417,Fairy,Dragon,76,62,91,32,85,90,2,False,Basic,436
418,Grass,Grass,46,58,97,86,76,56,1,False,Stage2,419
419,Dark,Psychic,80,41,28,63,111,38,2,False,Basic,361
420,Poison,Water,93,128,147,194,87,58,4,False,Mega,707
421,Ghost,Ground,144,52,68,92,50,65,2,False,Stage2,471
422,Ice,Dark,50,54,49,65,59,44,3,False,Basic,321
423,Dark,Psychic,74,83,71,44,59,60,5,False,Basic,391
424,Ghost,Water,52,92,75,62,103,124,1,False,Basic,508
425,Water,Dark,53,50,107,50,80,39,2,False,Basic,379
426,Electric,Grass,52,164,116,62,87,46,6,False,Stage2,527
427,Rock,Dark,67,68,39,68,33,97,1,False,Stage2,372
428,Normal,Flying,42,88,75,100,115,54,6,False,Basic,474
429,Psychic,Dark,70,112,68,48,107,27,3,False,Stage2,432
430,Water,,27,78,115,71,72,46,6,False,Basic,409
431,Grass,,45,44,24,55,69,29,5,False,Basic,266
432,Ghost,Ground,66,71,81,72,32,116,4,False,Stage1,438
433,Flying,Dragon,72,47,25,46,32,27,6,False,Basic,249
434,Ghost,Bug,80,61,56,54,34,62,5,False,Basic,347
435,Bug,Ground,112,67,49,52,78,55,1,False,Stage1,413
436,Ground,Bug,95,75,48,110,108,83,5,False,Stage2,519
437,Bug,Water,42,73,71,99,93,85,3,False,Mega,463
438,Fire,,50,74,66,107,161,104,3,False,Basic,562
439,Normal,Psychic,75,95,97,53,58,34,6,False,Stage1,412
440,Water,,48,39,69,48,56,92,3,False,Basic,352
441,Flying,Flying,52,99,114,103,76,34,3,False,Stage1,478
442,Grass,Dark,40,67,37,63,77,35,5,False,Stage1,319
443,Poison,Poison,42,64,44,51,32,52,3,False,Basic,285
444,Grass,Rock,82,58,45,49,44,47,2,False,Stage2,325
445,Ghost,Dark,60,97,33,68,50,7,3,False,Basic,315
446,Water,Ghost,113,87,66,78,64,12,5,False,Stage1,420
447,Rock,Dark,39,92,79,123,136,62,5,False,Stage1,531
448,Psychic,Flying,67,79,73,146,131,139,1,True,Basic,635
449,Grass,Ground,69,75,71,57,94,92,3,False,Mega,458
450,Ghost,Steel,25,73,42,43,40,130,5,False,Basic,353
451,Steel,,105,120,45,63,52,87,2,True,Stage2,472
452,Steel,Flying,33,92,44,38,27,80,1,False,Mega,314
453,Ground,Dark,38,130,71,32,40,86,4,False,Basic,397
454,Bug,,52,146,39,56,90,59,1,False,Basic,442
455,Dragon,Flying,163,186,110,99,108,47,3,True,Basic,713
456,Fire,,51,67,42,28,44,91,1,False,Basic,323
457,Poison,,40,76,59,57,115,121,6,False,Stage1,468
458,Normal,Ghost,53,152,67,129,30,84,3,False,Basic,515
459,Bug,,44,116,40,92,47,62,1,False,Basic,401
460,Ice,Grass,78,83,95,57,74,39,5,False,Basic,426
461,Electric,Fire,39,72,128,59,97,86,1,False,Mega,481
462,Ground,Ground,79,141,85,41,61,71,6,True,Basic,478
463,Grass,Dragon,93,93,83,135,139,32,6,False,Mega,575
464,Bug,Fairy,1,99,143,77,68,91,2,False,Mega,479
465,Grass,Grass,86,41,91,138,76,24,2,False,Basic,456
466,Steel,Ground,56,106,105,109,96,50,6,False,Mega,522
467,Normal,,44,33,50,35,67,124,6,False,Basic,353
468,Psychic,Fighting,82,53,39,115,148,43,5,False,Stage2,480
469,Fire,,66,52,56,61,136,80,2,False,Basic,451
470,Ground,Ghost,57,47,92,41,20,116,2,False,Basic,373
471,Normal,Fairy,55,35,90,10,32,14,4,False,Basic,236
472,Rock,Flying,54,86,100,75,68,96,1,False,Stage1,479
473,Bug,,21,72,49,76,74,98,6,False,Basic,390
474,Ghost,,70,17,109,119,110,8,5,False,Basic,433
475,)Normal,Dark,49,45,41,28,41,77,6,False,Basic,281
476,Steel,Flying,71,114,73,48,76,180,2,False,Stage1,562
477,Rock,Fighting,85,54,94,83,115,64,3,True,Basic,495
478,Fire,Grass,146,104,122,178,228,129,4,True,Basic,907
479,Normal,Fairy,83,73,76,61,46,146,5,False,Basic,485
480,Rock,Fighting,36,96,28,164,30,63,3,False,Mega,417
481,Dragon,Flying,150,68,88,104,102,86,5,False,Basic,598
482,Fire,Flying,131,110,159,165,147,131,1,True,Stage2,843
483,Ground,Fairy,42,106,73,81,64,93,3,False,Stage1,459
484,Water,Ground,77,86,46,35,45,5,5,False,Basic,294
485,Steel,Fighting,100,96,151,67,61,83,1,False,Basic,558
486,Dragon,Psychic,116,134,154,110,135,89,5,True,Basic,738
487,Bug,,111,92,81,71,60,7,2,False,Stage1,422
488,Water,Ghost,84,83,67,64,69,77,2,False,Basic,444
489,Rock,Psychic,117,82,107,194,119,56,5,True,Basic,675
490,Water,Fighting,61,103,92,75,56,88,1,False,Stage1,475
491,Dragon,Bug,70,73,88,119,69,7,2,True,Basic,426
492,Rock,Flying,31,112,116,141,165,141,4,False,Basic,706
493,Dragon,,123,184,161,83,56,123,6,False,Stage2,730
494,Fire,,40,37,22,43,56,6,5,False,Basic,204
495,Grass,Ground,71,85,67,50,81,8,5,False,Basic,362
496,Fire,Flying,50,142,160,181,189,48,4,True,Basic,770
497,Water,Flying,30,130,128,45,140,94,1,False,Stage2,567
498,Water,Flying,84,88,121,131,158,72,4,False,Stage2,654
499,Grass,,42,65,5,64,32,20,5,False,Basic,228
500,Ghost,Ice,56,65,68,67,58,78,2,False,Stage1,392
501,Fire,,66,116,96,57,64,51,6,False,Mega,450
502,Electric,Ice,16,35,118,43,93,73,3,False,Basic,378
503,Normal,Psychic,66,69,50,24,37,83,4,False,Basic,329
504,Bug,Dragon,66,33,79,128,175,106,5,False,Stage1,587
505,Dark,,85,80,93,37,69,36,3,False,Stage1,400
506,Ice,,47,75,46,41,80,100,1,False,Basic,389
507,Grass,Steel,48,80,61,43,64,106,5,False,Basic,402
508,Grass,,31,35,40,51,88,57,3,False,Stage1,302
509,Ghost,Ground,68,126,95,35,54,61,6,False,Basic,439
510,Water,,84,170,78,61,64,91,4,False,Stage1,548
511,Grass,,64,70,39,50,40,81,3,False,Stage2,344
512,Rock,,93,88,50,49,63,5,1,False,Stage1,348
513,Normal,,188,74,27,106,86,74,5,True,Basic,555
514,Ghost,,65,84,58,36,20,49,1,False,Basic,312
515,Electric,Fighting,62,47,28,98,109,70,6,False,Stage1,414
516,Fighting,Fire,89,95,23,100,134,73,1,False,Mega,514
517,Normal,Psychic,102,99,80,131,130,89,3,True,Mega,631
518,Dragon,Psychic,89,158,138,56,79,34,6,False,Stage1,554
519,Electric,Fairy,23,67,15,48,84,11,1,False,Basic,248
520,Fire,,32,63,33,32,56,25,5,False,Basic,241
521,Ground,,77,93,79,44,92,79,3,False,Stage2,464
522,Electric,Electric,102,85,106,99,123,58,4,False,Basic,573
523,Rock,,86,63,94,85,47,16,3,False,Stage1,391
524,Electric,,49,61,112,77,123,37,5,False,Basic,459
525,Grass,,49,86,14,51,101,27,2,False,Basic,328
526,Rock,Electric,59,52,116,83,61,39,6,False,Stage2,410
527,Rock,,61,87,67,76,50,32,1,False,Basic,373
528,Grass,Fighting,50,105,42,127,44,94,4,False,Stage1,462
529,Rock,Psychic,59,98,51,67,85,72,1,True,Mega,432
530,Flying,Poison,115,76,116,88,82,5,5,False,Basic,482
531,Dark,,51,89,42,10,20,64,5,False,Basic,276
532,Fire,Water,44,137,81,129,77,98,6,False,Stage1,566
533,Fighting,,78,53,52,115,52,5,5,False,Basic,355
534,Water,Fairy,135,53,93,128,128,102,2,True,Stage2,639
535,Fighting,,52,59,43,49,89,67,3,False,Basic,359
536,Fire,Psychic,91,62,76,100,96,30,1,False,Basic,455
537,Dark,Ice,51,72,130,124,157,65,4,False,Stage2,599
538,Water,,77,92,96,77,86,73,1,False,Stage2,501
539,Electric,Dragon,41,179,74,117,58,100,6,False,Stage1,569
540,Water,Grass,33,36,94,52,86,77,2,False,Basic,378
541,Bug,Dark,53,46,26,41,31,71,3,False,Basic,268
542,Ghost,Ground,55,44,195,86,96,30,5,False,Basic,506
543,Water,Steel,25,124,62,64,39,47,6,False,Basic,361
544,Rock,,50,90,36,62,46,87,5,False,Basic,371
545,Normal,Poison,76,14,67,69,83,133,2,False,Stage1,442
546,Dark,,65,21,21,72,49,5,1,False,Basic,233
547,Steel,Steel,112,64,98,37,127,85,2,True,Stage1,523
548,Fighting,,94,113,135,112,96,35,2,False,Stage1,585
549,Electric,,45,95,86,54,81,98,3,False,Basic,459
550,Psychic,,61,74,165,150,144,58,3,True,Basic,652
551,Water,,61,83,93,89,138,81,6,False,Basic,545
552,Bug,Poison,52,95,75,92,62,21,5,False,Basic,397
553,Ice,Flying,34,73,120,114,54,80,1,False,Stage1,475
554,Electric,,68,152,117,58,137,105,3,True,Basic,637
555,Steel,,78,111,147,95,108,102,1,False,Stage2,641
556,Psychic,,43,68,36,92,59,30,4,False,Stage1,328
557,Psychic,Flying,43,69,42,10,54,83,1,False,Basic,301
558,Rock,Poison,112,53,74,96,55,106,2,True,Basic,496
559,Water,Dark,103,60,84,103,89,34,5,True,Stage2,473
560,Normal,Fairy,63,50,92,54,69,115,2,False,Basic,443
561,Fire,Fairy,50,72,151,161,194,91,3,True,Basic,719
562,Bug,,99,142,89,164,136,62,6,False,Mega,692
563,Water,,56,19,36,73,96,49,1,False,Basic,329
564,Dragon,Flying,131,87,80,129,116,107,3,True,Basic,650
565,Rock,Fairy,25,45,83,36,106,26,4,False,Basic,321
566,Fire,Psychic,32,87,93,78,49,125,6,False,Basic,464
567,Water,Fairy,50,72,42,39,76,101,3,False,Basic,380
568,Steel,,24,58,41,43,47,68,5,False,Stage1,281
569,Steel,Psychic,33,83,112,90,66,70,4,False,Basic,454
570,Psychic,,67,22,44,31,112,79,5,False,Basic,355
571,Poison,,58,97,62,74,52,62,2,False,Basic,405
572,Water,,30,49,16,108,56,72,4,False,Basic,331
573,Water,Dragon,34,39,62,56,118,29,4,False,Stage1,338
574,Rock,Poison,132,178,162,42,125,95,3,False,Mega,734
575,Flying,,21,110,29,82,59,77,5,False,Basic,378
576,Ghost,,102,56,36,139,41,106,5,False,Basic,480
577,Dragon,,124,121,84,12,70,70,3,False,Basic,481
578,Water,Fire,46,58,45,81,97,5,4,False,Stage1,332
579,Dragon,Dragon,28,101,66,46,77,133,2,False,Mega,451
580,Poison,,59,71,53,42,34,103,4,False,Basic,362
581,Fire,,73,87,23,81,72,7,3,False,Stage2,343
582,Dark,Grass,75,32,104,102,97,88,4,False,Stage1,498
583,Electric,,113,159,182,112,83,96,1,True,Mega,745
584,Grass,Fairy,75,101,36,57,76,136,3,False,Stage2,481
585,Normal,,59,136,25,79,43,67,1,False,Stage1,409
586,Fighting,Psychic,65,87,94,53,51,78,3,False,Stage1,428
587,Dragon,,87,114,77,142,99,79,4,False,Stage2,598
588,Electric,,136,75,36,45,71,45,1,False,Basic,408
589,Rock,Flying,67,62,62,39,84,61,5,False,Basic,375
590,Fighting,Electric,56,50,100,167,115,41,1,False,Stage1,529
591,Steel,Flying,48,62,85,92,67,56,3,False,Stage1,410
592,Ice,,72,47,48,71,30,22,5,False,Basic,290
593,Grass,,94,50,38,85,72,79,6,False,Stage1,418
594,Electric,Fairy,67,37,34,194,46,37,5,False,Stage2,415
595,Bug,Flying,76,92,73,105,76,61,3,False,Basic,483
596,Bug,Fairy,53,47,47,78,101,180,6,False,Stage1,506
597,Ghost,Flying,118,29,64,110,74,81,2,False,Stage1,476
598,Dark,Flying,62,102,71,50,83,73,2,False,Stage1,441
599,Electric,Ground,50,83,78,104,135,93,5,False,Stage1,543
600,Grass,Dragon,74,81,94,50,125,78,3,False,Stage1,502
601,Bug,Dark,22,73,63,44,24,11,4,False,Basic,237
602,Fire,,48,47,114,37,117,142,3,False,Basic,505
603,Electric,,38,22,41,45,128,13,3,False,Basic,287
604,Ice,Fairy,94,100,105,112,58,85,4,False,Basic,554
605,Psychic,,114,108,118,145,213,65,4,True,Basic,763
606,)Normal,Grass,152,89,135,56,194,52,2,False,Stage1,678
607,Ground,Water,61,64,102,83,76,123,1,False,Basic,509
608,Grass,Flying,120,77,54,122,92,5,1,False,Mega,470
609,Dark,Ground,60,58,73,55,39,5,3,False,Basic,290
610,Normal,,57,72,85,60,76,72,1,False,Stage1,422
611,Water,Psychic,51,72,35,140,122,91,3,False,Mega,511
612,Water,Ground,109,5,32,42,87,49,1,False,Stage2,324
613,Fire,Steel,81,65,102,40,84,59,6,False,Basic,431
614,Poison,,29,48,23,47,51,38,1,False,Basic,236
615,Fairy,,68,98,81,63,89,65,1,False,Mega,464
616,Electric,Dragon,42,66,65,39,157,62,3,False,Basic,431
617,Water,Ground,62,75,105,51,44,9,2,True,Basic,346
618,Water,Dragon,83,81,48,63,44,44,3,False,Stage1,363
619,Bug,Ice,59,131,148,57,64,55,2,False,Basic,514
620,Poison,Poison,60,87,85,66,40,85,1,False,Basic,423
621,Water,Fairy,45,32,44,117,169,54,6,False,Stage1,461
622,Fire,,85,130,64,69,20,69,1,False,Stage1,437
623,Psychic,Bug,97,160,52,152,81,100,3,True,Basic,642
624,Dragon,Fighting,64,52,137,23,106,94,4,False,Stage1,476
625,Bug,Steel,45,75,41,30,39,5,3,False,Basic,235
626,Electric,Fighting,173,107,73,137,104,78,6,True,Basic,672
627,Water,Psychic,118,91,122,106,188,70,4,True,Mega,695
628,Poison,Psychic,101,70,64,92,41,51,4,False,Basic,419
629,Electric,Dark,62,59,210,149,99,97,2,True,Basic,676
630,Poison,Ground,61,87,132,34,93,38,3,False,Stage1,445
631,Fairy,Steel,85,82,75,65,70,102,5,True,Basic,479
632,Water,Poison,94,63,38,110,83,47,2,False,Basic,435
633,Water,Ground,44,20,132,59,45,52,3,False,Stage1,352
634,Dragon,Fighting,177,163,114,94,111,81,2,True,Basic,740
635,Dark,Ground,67,37,88,79,110,39,5,False,Stage1,420
636,Grass,Fighting,71,47,31,30,83,77,3,False,Stage2,339
637,Rock,Psychic,43,56,44,84,56,36,5,False,Basic,319
638,Bug,Psychic,102,112,95,36,89,35,4,False,Stage2,469
639,Bug,Fighting,68,8,86,89,74,97,2,False,Stage1,422
640,Water,Ground,73,36,99,64,72,67,2,False,Stage1,411
641,Fire,Ground,56,49,65,75,72,82,6,False,Stage2,399
642,Psychic,Dark,44,66,58,65,91,37,6,False,Basic,361
643,Water,Ice,72,25,63,88,59,31,3,False,Basic,338
644,Fairy,Flying,73,102,114,194,78,88,6,True,Basic,649
645,Normal,,37,92,80,100,84,124,1,False,Stage1,517
646,Water,Electric,92,58,140,53,158,88,4,False,Basic,589
647,Water,,50,26,44,21,25,80,5,False,Basic,246
648,Ice,Fighting,60,66,82,26,96,177,3,False,Stage1,507
649,Electric,Steel,73,80,147,114,58,35,4,False,Stage1,507
650,Electric,Flying,54,51,134,88,58,105,4,False,Basic,490
651,Bug,,40,114,76,60,70,56,5,False,Stage1,416
652,Normal,Rock,59,89,72,103,117,94,3,False,Stage2,534
653,Fairy,Flying,58,72,69,29,59,90,2,False,Stage2,377
654,Normal,Flying,37,40,85,65,83,77,5,False,Basic,387
655,Water,,53,18,56,55,34,86,2,False,Stage1,302
656,Normal,Psychic,69,111,67,72,63,64,6,False,Stage1,446
657,Rock,Ice,77,67,97,112,106,134,5,False,Stage2,593
658,Bug,Fighting,56,78,43,46,62,93,4,True,Basic,378
659,Electric,,78,94,47,70,59,19,2,False,Basic,367
660,Electric,,118,190,108,122,67,18,3,False,Stage2,623
661,Dragon,Flying,80,68,146,180,113,71,3,True,Mega,658
662,Rock,Poison,76,189,76,42,81,104,1,True,Basic,568
663,Grass,,81,101,39,75,97,61,3,False,Stage2,454
664,Normal,Fairy,61,106,145,69,77,74,3,False,Stage2,532
665,Steel,,40,97,38,60,25,75,5,False,Basic,335
666,Grass,Fairy,99,153,65,107,107,81,3,False,Stage1,612
667,Normal,Dragon,74,30,20,123,58,33,1,False,Stage1,338
668,Grass,Steel,137,164,113,171,146,61,1,True,Basic,792
669,Ghost,Steel,69,46,79,58,40,64,5,False,Basic,356
670,Ground,Flying,63,49,92,65,37,108,3,False,Stage2,414
671,Ice,,80,54,130,81,136,78,6,False,Basic,559
672,Dark,,64,84,50,89,71,5,3,False,Basic,363
673,Rock,Steel,87,88,37,66,190,19,2,False,Stage1,487
674,Fire,Ground,53,76,62,25,68,60,3,False,Stage1,344
675,Water,Poison,40,17,74,61,98,35,5,False,Basic,325
676,Grass,,65,97,68,116,52,67,5,True,Basic,465
677,Bug,Fairy,58,66,71,21,87,58,4,False,Basic,361
678,Dark,,51,104,51,28,45,36,1,False,Basic,315
679,Dark,Fighting,72,47,52,87,61,23,5,False,Mega,342
680,Ghost,Flying,56,86,120,125,90,45,6,False,Basic,522
681,Steel,,50,44,30,94,41,33,6,False,Basic,292
682,Fairy,,65,48,103,56,43,57,1,False,Stage1,372
683,Water,,48,59,45,37,64,59,4,True,Basic,312
684,Normal,,85,91,75,122,121,76,1,False,Stage2,570
685,Ice,Ice,140,66,43,111,141,48,4,False,Mega,549
686,Steel,Fighting,73,53,117,73,75,60,3,False,Stage2,451
687,Ghost,,48,77,69,77,56,130,1,False,Stage2,457
688,Poison,,36,74,47,46,47,48,1,False,Stage1,298
689,Normal,,94,43,34,75,76,83,5,False,Basic,405
690,Ghost,Fighting,93,147,50,52,47,114,5,False,Basic,503
691,Water,Water,72,92,73,80,114,115,1,False,Basic,546
692,Dark,Fairy,84,55,55,48,44,32,5,False,Basic,318
693,Dark,Ground,65,41,46,28,68,5,3,False,Mega,253
694,Electric,,51,73,65,70,55,67,5,False,Stage1,381
695,Fighting,Ground,48,5,35,17,65,55,3,False,Basic,225
696,Grass,Dragon,102,92,86,75,77,78,5,False,Mega,510
697,Bug,,100,71,50,43,43,41,6,False,Basic,348
698,Ground,Fighting,80,163,45,61,40,80,3,False,Mega,469
699,Water,,88,97,72,101,85,49,5,False,Mega,492
700,Psychic,Poison,58,103,90,139,82,122,5,False,Basic,594
701,Normal,Grass,50,74,101,52,47,27,3,False,Basic,351
702,Grass,Psychic,81,65,5,128,28,76,3,False,Stage1,383
703,Dark,,25,39,12,51,56,11,1,False,Basic,194
704,Dark,,91,75,42,54,60,81,3,False,Basic,403
705,Poison,Steel,37,46,105,166,114,120,5,False,Basic,588
706,Water,Grass,67,63,82,38,77,64,3,False,Stage1,391
707,Electric,Grass,56,83,56,62,80,60,2,False,Basic,397
708,Ghost,Ghost,105,89,47,123,169,41,4,False,Stage2,574
709,Electric,Psychic,64,45,108,93,73,61,5,False,Stage2,444
710,Dark,Flying,77,174,59,38,55,119,1,False,Stage1,522
711,Water,Ice,100,149,123,182,117,104,5,False,Mega,775
712,Fire,,80,111,103,67,104,55,3,False,Stage1,520
713,Ghost,Flying,96,37,88,100,52,65,4,False,Stage2,438
714,Rock,,104,97,72,173,49,7,6,False,Stage1,502
715,Fire,,78,136,28,173,153,53,3,True,Stage2,621
716,Water,Normal,82,108,53,72,72,33,3,False,Stage1,420
717,Rock,Water,75,76,65,69,33,5,6,False,Basic,323
718,Psychic,Normal,146,78,63,109,164,66,3,True,Basic,626
719,Bug,Ground,67,57,45,126,58,55,5,False,Basic,408
720,Water,,38,19,19,105,133,62,6,False,Stage1,376
721,Fire,,66,72,71,65,119,19,2,False,Basic,412
722,Bug,,63,73,119,103,92,76,3,True,Mega,526
723,Rock,Dragon,58,118,70,120,132,104,3,True,Stage1,602
724,Ghost,,49,66,20,12,41,97,4,False,Basic,285
725,Normal,Ground,63,114,68,91,80,5,6,False,Basic,421
726,Rock,,57,130,35,55,21,54,3,False,Basic,352
727,Electric,,48,87,67,42,98,142,6,False,Stage2,484
728,Normal,Ghost,56,118,60,53,20,30,3,False,Basic,337
729,Grass,,39,55,26,56,59,52,5,False,Basic,287
730,Steel,,70,88,13,87,43,65,6,False,Stage1,366
731,Dragon,Flying,79,77,81,89,115,128,4,True,Basic,569
732,Dragon,Grass,56,78,153,18,63,106,3,False,Basic,474
733,Ice,Grass,54,49,79,86,52,63,1,False,Basic,383
734,Water,Poison,59,86,100,10,74,27,3,False,Stage1,356
735,Steel,,119,100,78,150,57,117,5,True,Stage2,621
736,Bug,,50,52,58,77,85,6,3,False,Basic,328
737,Psychic,,156,76,153,81,103,53,4,True,Stage1,622
738,Dragon,Flying,66,17,66,78,113,114,1,False,Stage1,454
739,Steel,Dragon,74,105,103,140,68,89,1,False,Stage2,579
740,Psychic,Flying,99,159,93,72,77,91,4,False,Basic,591
741,Grass,,32,47,39,72,38,48,1,False,Basic,276
742,Grass,Electric,105,119,138,131,123,91,5,False,Stage2,707
743,Bug,Normal,36,44,59,59,39,58,6,False,Basic,295
744,Fighting,Flying,38,65,66,124,65,74,3,False,Basic,432
745,Fire,Fighting,37,79,58,121,90,144,6,False,Stage2,529
746,)Normal,Fighting,131,106,24,147,78,80,1,False,Stage2,566
747,Steel,Water,119,102,93,91,53,35,5,False,Stage1,493
748,Ground,,38,42,5,28,20,38,2,False,Basic,171
749,Grass,Fire,49,55,50,60,52,82,2,False,Basic,348
750,Ground,Electric,65,143,86,93,75,128,3,False,Stage1,590
751,Normal,Fire,44,87,90,77,108,75,5,False,Stage1,481
752,Dark,Psychic,48,54,33,44,39,44,1,False,Stage1,262
753,Fairy,Dark,106,89,50,37,54,57,3,False,Mega,393
754,Bug,Electric,49,102,42,57,31,110,5,False,Basic,391
755,Psychic,Rock,109,71,116,79,102,100,5,False,Stage2,577
756,Normal,Ground,41,89,93,168,82,107,6,False,Stage2,580
757,Psychic,Poison,50,105,94,51,105,22,5,False,Basic,427
758,Dragon,,83,29,68,78,56,51,3,False,Basic,365
759,Ground,,56,19,48,34,53,34,1,False,Basic,244
760,Dragon,Dragon,64,106,129,126,100,99,3,False,Mega,624
761,Rock,Psychic,64,51,61,85,125,132,4,False,Stage1,518
762,Fire,Flying,19,134,65,61,78,25,1,False,Stage1,382
763,Grass,Flying,72,90,84,155,106,88,4,False,Stage2,595
764,Dragon,Flying,81,96,90,193,137,102,5,True,Basic,699
765,Dark,Flying,53,97,32,64,90,59,3,False,Basic,395
766,Psychic,Water,93,75,127,65,49,87,6,False,Stage2,496
767,Electric,Grass,45,46,62,10,84,34,3,False,Basic,281
768,Bug,Fairy,51,159,66,44,38,36,1,False,Stage1,394
769,Fighting,Fighting,93,72,230,35,41,90,3,False,Stage1,561
770,Normal,Water,92,107,129,116,112,97,4,False,Stage2,653
771,Water,Water,39,93,131,30,95,61,6,False,Basic,449
772,Normal,,95,139,36,57,37,53,4,False,Basic,417
773,Water,,80,72,71,67,92,54,5,False,Basic,436
774,Grass,Steel,70,43,57,76,66,60,3,False,Basic,372
775,Ghost,Normal,27,61,103,131,51,89,1,False,Basic,462
776,Dragon,Poison,79,125,130,194,91,70,4,True,Stage1,689
777,Water,,101,38,29,31,64,29,5,False,Basic,292
778,Normal,Psychic,97,101,78,74,68,66,4,False,Stage2,484
779,Normal,Steel,81,57,50,26,70,95,1,False,Stage1,379
780,Water,Dark,89,95,116,61,61,72,3,False,Mega,494
781,Ghost,Poison,51,90,27,70,39,40,5,False,Basic,317
782,Bug,Psychic,27,59,45,37,76,65,1,False,Basic,309
783,Fire,Fire,161,101,94,105,105,55,5,False,Basic,621
784,Water,Fairy,105,153,88,66,65,5,4,True,Stage1,482
785,Grass,,76,99,14,61,56,41,4,True,Basic,347
786,Fire,,67,71,79,97,89,91,4,False,Basic,494
787,Ice,,48,34,46,45,30,41,3,False,Basic,244
788,Normal,,41,86,10,70,20,71,3,False,Basic,298
789,Normal,,73,62,35,32,35,75,5,False,Basic,312
790,Bug,Water,37,66,38,27,86,55,6,False,Stage1,309
791,Dragon,Ice,121,124,123,60,86,40,6,False,Basic,554
792,Electric,Psychic,40,35,78,73,99,118,4,False,Basic,443
793,Water,Poison,69,133,75,89,104,96,1,False,Stage2,566
794,Fire,Flying,86,89,143,70,100,77,2,False,Basic,565
795,Water,Flying,83,38,69,113,78,33,2,False,Basic,414
796,Steel,Water,95,149,92,86,97,144,1,False,Stage2,663
797,Grass,,59,66,85,60,71,144,4,False,Stage1,485
798,Psychic,Flying,78,128,198,157,99,38,4,False,Basic,698
799,Psychic,,97,77,82,119,118,158,1,False,Stage2,651
