,#,Name,Type 1,Type 2,Total,HP,Attack,Defense,Sp. Atk,Sp. Def,Speed,Generation,Legendary
0,391,sdv-id-0,Ground,Psychic,742,24,106,57,156,119,94,5,False
1,646,sdv-id-1,Steel,Fighting,299,71,26,107,118,61,83,6,False
2,517,sdv-id-2,Dark,,709,4,53,96,129,30,180,1,False
3,588,sdv-id-3,Bug,Flying,537,44,18,138,107,58,79,5,False
4,267,sdv-id-4,Ground,Psychic,591,44,68,183,150,131,147,6,False
5,159,sdv-id-5,Dragon,,403,51,37,26,46,55,85,1,False
6,1,sdv-id-6,Fighting,Fire,310,46,28,42,56,46,123,1,False
7,569,sdv-id-7,Fire,Fighting,499,44,49,118,145,90,76,3,True
8,107,sdv-id-8,Bug,,595,86,149,140,96,36,150,5,True
9,218,sdv-id-9,Electric,Ground,214,25,53,77,94,38,87,2,False
10,90,sdv-id-10,Dragon,,360,81,87,100,43,20,151,5,False
11,185,sdv-id-11,Water,,455,31,24,117,139,106,146,6,False
12,715,sdv-id-12,Grass,Flying,180,12,23,121,79,20,91,6,False
13,333,sdv-id-13,Fire,,508,22,119,96,91,22,180,1,False
14,304,sdv-id-14,Psychic,Poison,630,39,117,78,79,71,125,4,False
15,172,sdv-id-15,Normal,Psychic,407,27,5,81,44,20,180,1,False
16,521,sdv-id-16,Normal,Ice,631,53,61,188,98,56,135,1,False
17,674,sdv-id-17,Electric,Dark,442,49,74,142,112,61,109,3,False
18,1,sdv-id-18,Dragon,Fairy,180,28,8,82,71,67,99,4,False
19,177,sdv-id-19,Normal,Poison,268,49,146,64,30,138,86,1,True
20,435,sdv-id-20,Rock,Poison,777,53,46,142,77,52,91,6,False
21,59,sdv-id-21,Psychic,Steel,526,34,92,74,71,44,99,3,False
22,333,sdv-id-22,Electric,,563,36,133,78,86,103,173,6,False
23,721,sdv-id-23,Grass,Dragon,281,3,17,96,102,20,131,1,False
24,126,sdv-id-24,Fire,Fairy,417,89,51,157,194,187,165,6,False
25,293,sdv-id-25,Grass,Ice,780,45,113,154,150,173,180,6,True
26,235,sdv-id-26,Dark,Fighting,680,33,103,75,83,112,33,2,False
27,349,sdv-id-27,Dragon,,780,48,82,129,78,59,60,5,False
28,201,sdv-id-28,Bug,,503,17,5,75,77,28,96,1,False
29,312,sdv-id-29,Dragon,Steel,268,14,86,107,156,49,138,6,True
30,721,sdv-id-30,Normal,Ground,180,13,29,31,10,22,46,5,False
31,560,sdv-id-31,Grass,,469,22,118,70,37,35,100,2,False
32,247,sdv-id-32,Fighting,Dragon,586,43,171,99,137,115,104,3,False
33,704,sdv-id-33,Electric,Ghost,630,94,59,171,183,78,153,6,False
34,337,sdv-id-34,Dark,Flying,425,79,79,123,57,88,92,1,False
35,59,sdv-id-35,Dark,Dark,701,49,36,99,25,54,44,3,False
36,697,sdv-id-36,Flying,Flying,557,39,118,90,38,46,138,3,False
37,184,sdv-id-37,Psychic,Flying,432,37,44,82,38,60,78,2,False
38,1,sdv-id-38,Psychic,Dragon,488,1,190,138,142,64,125,3,False
39,151,sdv-id-39,Poison,,310,30,96,35,126,47,121,1,False
40,426,sdv-id-40,Fire,,340,12,74,73,102,51,102,4,False
41,491,sdv-id-41,Grass,Flying,533,34,53,43,73,36,58,5,False
42,1,sdv-id-42,Dragon,Psychic,373,47,63,144,109,20,179,5,False
43,392,sdv-id-43,Bug,,270,17,79,35,100,86,60,6,False
44,642,sdv-id-44,Psychic,Psychic,498,76,109,97,56,33,114,3,False
45,1,sdv-id-45,Rock,Fighting,405,10,48,70,190,20,180,5,False
46,57,sdv-id-46,Normal,Dragon,234,8,38,98,87,88,57,1,False
47,364,sdv-id-47,Rock,,196,10,16,114,75,37,138,2,False
48,338,sdv-id-48,Normal,,331,28,73,53,69,53,98,2,False
49,387,sdv-id-49,Ghost,Flying,470,34,37,68,40,26,108,1,False
50,338,sdv-id-50,Flying,Dragon,289,54,79,63,64,73,49,4,True
51,18,sdv-id-51,Fire,,750,20,186,96,145,32,144,4,True
52,202,sdv-id-52,Psychic,Fire,397,3,87,53,119,38,79,5,False
53,159,sdv-id-53,Electric,Psychic,460,13,61,143,106,50,180,3,False
54,675,sdv-id-54,Ground,Bug,579,62,179,116,194,78,116,5,False
55,196,sdv-id-55,Rock,,560,91,80,87,82,114,177,4,True
56,43,sdv-id-56,Fighting,Ground,367,12,96,76,85,102,180,2,False
57,343,sdv-id-57,Rock,Flying,256,38,88,140,61,20,99,3,False
58,350,sdv-id-58,Grass,Flying,450,38,61,230,135,107,169,3,False
59,619,sdv-id-59,Electric,,449,5,102,93,58,45,108,5,False
60,322,sdv-id-60,Ground,,302,16,102,76,90,47,109,3,False
61,644,sdv-id-61,Fighting,Fairy,250,13,85,33,32,52,66,5,False
62,591,sdv-id-62,Bug,Dragon,626,26,27,160,110,146,91,6,True
63,721,sdv-id-63,Flying,Flying,617,28,62,16,90,56,123,3,False
64,603,sdv-id-64,Steel,Flying,566,70,143,109,58,53,85,4,False
65,337,sdv-id-65,Water,,425,16,8,90,143,49,40,3,False
66,401,sdv-id-66,Psychic,Fighting,394,102,162,80,69,89,86,5,False
67,622,sdv-id-67,Water,Flying,459,93,5,167,39,47,149,3,False
68,297,sdv-id-68,Water,Flying,180,37,115,91,96,57,79,5,False
69,92,sdv-id-69,Water,,204,5,70,65,40,20,99,1,False
70,132,sdv-id-70,Fighting,Ground,561,13,118,122,177,118,84,4,False
71,273,sdv-id-71,Dark,,519,76,76,123,73,179,180,2,False
72,504,sdv-id-72,Dragon,Flying,466,96,94,83,44,47,166,1,False
73,46,sdv-id-73,Normal,,426,24,96,103,57,39,87,2,False
74,373,sdv-id-74,Water,,616,54,184,98,76,27,144,5,True
75,89,sdv-id-75,Ground,Ice,526,38,38,100,92,59,107,6,False
76,105,sdv-id-76,Bug,Steel,180,71,108,73,32,20,113,6,False
77,721,sdv-id-77,Psychic,Ghost,425,11,72,65,49,42,76,2,False
78,683,sdv-id-78,Ghost,,595,57,68,113,93,77,82,6,False
79,59,sdv-id-79,Dark,,180,11,5,44,63,20,144,2,False
80,652,sdv-id-80,Ground,,518,5,160,187,131,43,118,3,False
81,587,sdv-id-81,Rock,,490,81,94,138,156,115,175,6,True
82,127,sdv-id-82,Ground,Rock,460,94,71,95,119,58,96,1,False
83,96,sdv-id-83,Grass,Fairy,461,30,115,118,65,60,85,6,False
84,220,sdv-id-84,Steel,,504,35,62,18,43,97,69,3,False
85,192,sdv-id-85,Water,,307,53,80,34,22,42,62,1,False
86,176,sdv-id-86,Bug,Fire,780,86,173,133,194,100,143,6,True
87,341,sdv-id-87,Ground,Dark,758,117,47,134,51,95,84,6,False
88,316,sdv-id-88,Bug,Steel,670,72,28,138,47,66,100,1,False
89,575,sdv-id-89,Bug,,295,16,92,93,70,57,139,4,False
90,1,sdv-id-90,Poison,Fire,245,2,95,6,62,53,161,6,False
91,1,sdv-id-91,Electric,Ground,457,21,69,41,96,20,84,2,False
92,388,sdv-id-92,Water,Flying,349,25,105,30,89,27,180,5,False
93,294,sdv-id-93,Steel,Dragon,312,17,57,132,66,50,108,2,False
94,553,sdv-id-94,Bug,Fighting,450,74,25,72,78,104,135,3,False
95,519,sdv-id-95,Ice,Flying,431,42,37,110,117,45,180,3,False
96,637,sdv-id-96,Grass,Fighting,729,33,66,175,84,68,82,2,False
97,161,sdv-id-97,Dragon,Grass,180,4,181,96,67,57,134,6,False
98,447,sdv-id-98,Bug,,330,10,43,140,150,48,99,2,False
99,1,sdv-id-99,Ice,Ground,312,117,56,61,100,75,113,1,False
100,7,sdv-id-100,Ground,Ghost,580,35,179,142,163,66,150,5,True
101,103,sdv-id-101,Normal,Fighting,180,28,88,101,86,20,80,1,False
102,206,sdv-id-102,Rock,,340,69,102,145,48,54,83,1,False
103,60,sdv-id-103,Dragon,Flying,427,128,92,137,72,83,96,2,False
104,344,sdv-id-104,Grass,,526,24,71,84,129,64,180,6,False
105,113,sdv-id-105,Water,Fairy,481,49,17,161,94,62,125,3,False
106,408,sdv-id-106,Bug,,413,12,111,53,154,96,88,2,False
107,208,sdv-id-107,Rock,Fighting,598,87,104,121,135,173,126,3,True
108,294,sdv-id-108,Dragon,Fire,560,50,159,84,167,88,90,3,False
109,489,sdv-id-109,Steel,Fire,512,31,15,140,82,107,41,6,False
110,1,sdv-id-110,Bug,,193,15,41,106,77,45,159,2,False
111,19,sdv-id-111,Psychic,Rock,554,43,190,70,89,182,153,4,True
112,546,sdv-id-112,Water,,326,46,26,42,56,20,68,2,False
113,245,sdv-id-113,Water,,303,19,72,28,129,79,129,1,False
114,721,sdv-id-114,Psychic,Water,472,17,97,178,103,20,83,3,False
115,43,sdv-id-115,Fire,Ice,253,76,141,148,40,54,104,5,True
116,191,sdv-id-116,Ground,Fighting,440,43,119,65,108,114,124,6,False
117,702,sdv-id-117,Psychic,,522,67,152,146,85,69,101,6,True
118,294,sdv-id-118,Ground,Normal,712,25,118,96,192,63,66,6,False
119,234,sdv-id-119,Electric,,560,36,50,144,153,66,125,5,False
120,420,sdv-id-120,Dark,Flying,536,84,84,70,37,76,130,2,False
121,560,sdv-id-121,Steel,Water,491,58,54,92,106,71,125,2,False
122,380,sdv-id-122,Grass,Steel,180,37,5,63,71,68,145,3,True
123,165,sdv-id-123,Water,Grass,189,17,77,57,35,75,65,3,False
124,270,sdv-id-124,Psychic,,320,33,135,86,33,90,155,5,False
125,115,sdv-id-125,Grass,Fire,182,22,115,74,65,40,125,6,False
126,233,sdv-id-126,Normal,,339,16,33,69,76,47,103,1,False
127,204,sdv-id-127,Water,,371,15,56,39,121,143,109,2,False
128,432,sdv-id-128,Grass,Flying,438,6,87,46,47,22,71,2,False
129,350,sdv-id-129,Dragon,Fighting,180,1,5,27,66,44,130,2,False
130,317,sdv-id-130,Steel,,411,23,20,10,41,43,125,1,False
131,250,sdv-id-131,Flying,Flying,702,63,70,118,50,69,117,5,False
132,675,sdv-id-132,Grass,Grass,180,37,7,64,20,20,87,5,False
133,491,sdv-id-133,Fairy,Flying,499,12,100,87,80,35,114,2,False
134,86,sdv-id-134,Water,Rock,363,44,51,100,82,31,82,5,False
135,369,sdv-id-135,Fire,Flying,531,22,100,130,73,59,118,3,False
136,1,sdv-id-136,Dragon,Poison,192,218,58,117,19,51,138,4,False
137,342,sdv-id-137,Fighting,Dragon,509,50,117,83,73,67,71,5,False
138,99,sdv-id-138,Electric,,394,45,36,34,48,79,60,1,False
139,92,sdv-id-139,Fairy,Fairy,188,42,44,190,194,20,96,3,False
140,389,sdv-id-140,Bug,Fighting,303,37,58,52,81,53,136,1,False
141,488,sdv-id-141,Ice,Ghost,486,53,15,43,45,31,78,1,False
142,593,sdv-id-142,Dragon,Dragon,421,30,82,100,154,69,73,5,True
143,177,sdv-id-143,Rock,,546,61,104,74,10,29,39,5,False
144,368,sdv-id-144,Fairy,Water,768,33,129,130,194,123,150,5,False
145,558,sdv-id-145,Grass,Psychic,548,29,55,111,71,31,93,5,False
146,316,sdv-id-146,Dragon,Flying,556,24,76,230,92,23,67,4,False
147,521,sdv-id-147,Ice,,181,69,75,88,45,41,61,2,False
148,482,sdv-id-148,Grass,Ghost,255,36,5,80,70,45,170,6,False
149,63,sdv-id-149,Rock,,780,39,40,88,102,50,144,6,False
150,23,sdv-id-150,Flying,Poison,491,92,90,141,41,57,180,3,False
151,271,sdv-id-151,Psychic,Grass,437,6,65,89,31,20,43,4,False
152,373,sdv-id-152,Electric,,391,48,56,76,70,33,75,1,False
153,618,sdv-id-153,Psychic,Electric,536,78,62,97,80,76,158,6,True
154,346,sdv-id-154,Fairy,Grass,540,21,107,76,13,60,71,4,False
155,114,sdv-id-155,Bug,,547,18,190,110,90,52,122,4,False
156,611,sdv-id-156,Fire,,190,53,41,56,29,101,105,6,False
157,209,sdv-id-157,Psychic,Fairy,679,41,133,43,63,99,94,5,False
158,650,sdv-id-158,Grass,,549,77,118,94,10,98,148,6,False
159,241,sdv-id-159,Grass,,449,6,89,112,78,20,133,6,False
160,502,sdv-id-160,Poison,Rock,295,60,147,143,12,28,37,3,False
161,298,sdv-id-161,Fairy,,245,9,39,56,97,20,180,5,False
162,128,sdv-id-162,Steel,Steel,351,80,74,154,194,44,87,2,False
163,596,sdv-id-163,Rock,Dark,542,55,51,156,109,64,151,3,False
164,219,sdv-id-164,Electric,Water,527,31,124,131,96,73,80,1,False
165,136,sdv-id-165,Water,Water,567,118,86,184,79,78,93,3,False
166,452,sdv-id-166,Dark,,752,78,190,78,94,196,118,3,True
167,721,sdv-id-167,Dark,,564,40,75,138,99,99,87,2,False
168,633,sdv-id-168,Water,,201,31,80,58,30,58,14,2,False
169,69,sdv-id-169,Bug,Steel,415,52,190,96,20,33,94,5,False
170,478,sdv-id-170,Bug,Normal,317,44,46,59,95,90,53,2,False
171,504,sdv-id-171,Fighting,Rock,540,36,46,70,82,109,119,4,False
172,586,sdv-id-172,Water,Fighting,579,71,115,90,145,50,71,2,False
173,567,sdv-id-173,Rock,Dark,396,63,40,145,194,73,144,3,False
174,336,sdv-id-174,Bug,Flying,483,26,115,109,93,39,113,5,False
175,255,sdv-id-175,Ice,Grass,383,26,76,62,65,39,80,1,False
176,66,sdv-id-176,Grass,Psychic,406,17,26,143,137,33,101,4,False
177,514,sdv-id-177,Ground,Ice,364,60,148,82,194,125,125,5,False
178,630,sdv-id-178,Bug,Fighting,208,45,28,99,35,20,54,5,False
179,358,sdv-id-179,Ground,Grass,421,13,69,157,85,59,107,5,False
180,531,sdv-id-180,Psychic,Poison,381,80,112,60,62,36,125,1,False
181,237,sdv-id-181,Ice,,488,22,45,74,104,130,85,1,False
182,1,sdv-id-182,Electric,Psychic,228,75,13,116,36,20,89,1,False
183,721,sdv-id-183,Water,,521,27,23,108,166,116,108,4,True
184,343,sdv-id-184,Steel,,242,12,86,79,20,20,175,1,False
185,238,sdv-id-185,Steel,,370,84,65,149,25,20,51,3,False
186,418,sdv-id-186,Rock,Ice,426,11,22,128,103,61,84,6,False
187,348,sdv-id-187,Grass,Grass,408,17,89,157,74,24,98,5,False
188,1,sdv-id-188,Ghost,Ghost,180,7,49,74,103,71,153,1,False
189,340,sdv-id-189,Dragon,,521,49,71,61,87,68,126,5,True
190,284,sdv-id-190,Ground,Grass,384,14,49,230,13,38,43,5,False
191,636,sdv-id-191,Psychic,Steel,579,11,105,98,49,20,83,2,False
192,121,sdv-id-192,Grass,Poison,451,129,81,97,83,113,172,6,False
193,499,sdv-id-193,Electric,Grass,483,13,190,190,189,49,68,5,False
194,476,sdv-id-194,Fire,Flying,314,56,53,94,188,95,82,5,True
195,690,sdv-id-195,Ice,Ice,514,34,133,144,79,20,117,2,True
196,383,sdv-id-196,Water,Grass,292,48,146,87,72,137,92,5,False
197,56,sdv-id-197,Fire,,180,1,74,39,90,20,67,1,False
198,688,sdv-id-198,Bug,,448,12,117,43,185,62,112,5,False
199,73,sdv-id-199,Water,Ground,290,45,29,108,129,86,116,2,False
200,365,sdv-id-200,Psychic,Steel,469,36,173,167,60,53,99,5,False
201,54,sdv-id-201,Poison,Normal,515,23,154,117,73,119,118,3,False
202,341,sdv-id-202,Grass,Fairy,551,64,48,230,194,75,154,6,False
203,68,sdv-id-203,Dragon,Dragon,596,71,190,125,116,144,121,4,True
204,143,sdv-id-204,Water,Poison,576,63,122,119,194,124,122,6,False
205,90,sdv-id-205,Electric,,535,81,98,123,51,103,58,5,False
206,24,sdv-id-206,Dark,,433,21,51,47,110,42,92,1,False
207,84,sdv-id-207,Ghost,Water,295,27,190,69,59,22,77,2,False
208,312,sdv-id-208,Water,Fighting,541,21,89,136,73,99,88,3,True
209,609,sdv-id-209,Rock,,437,55,40,116,90,53,137,5,True
210,6,sdv-id-210,Steel,Ground,780,24,131,80,106,52,126,2,False
211,356,sdv-id-211,Dark,,294,16,61,38,72,34,49,1,False
212,242,sdv-id-212,Water,,335,5,87,71,118,190,137,4,False
213,1,sdv-id-213,Rock,Normal,423,19,75,113,194,83,158,5,True
214,614,sdv-id-214,Grass,Ghost,518,7,94,97,72,125,153,6,False
215,359,sdv-id-215,Poison,Ghost,383,46,5,73,77,23,115,2,False
216,438,sdv-id-216,Water,Grass,212,21,34,106,194,52,75,6,False
217,145,sdv-id-217,Ice,Poison,420,34,23,18,111,49,70,6,False
218,456,sdv-id-218,Water,Psychic,572,45,44,77,160,47,180,1,False
219,157,sdv-id-219,Fighting,Ice,772,39,151,76,102,49,127,1,False
220,119,sdv-id-220,Fire,Flying,505,43,28,175,173,37,99,5,False
221,230,sdv-id-221,Steel,Rock,414,25,39,56,10,20,89,1,False
222,632,sdv-id-222,Rock,Dark,450,13,80,166,58,57,73,3,False
223,284,sdv-id-223,Rock,,479,9,64,65,67,43,143,5,False
224,1,sdv-id-224,Ground,,278,14,24,92,65,44,117,2,False
225,510,sdv-id-225,Water,Flying,491,103,134,137,155,69,162,6,True
226,234,sdv-id-226,Ice,Dragon,247,56,67,118,78,70,26,1,False
227,121,sdv-id-227,Steel,Steel,745,71,61,114,165,64,126,2,False
228,385,sdv-id-228,Bug,,571,63,5,144,56,59,100,5,False
229,373,sdv-id-229,Ground,Fighting,589,71,99,157,54,51,180,6,True
230,235,sdv-id-230,Normal,Fire,515,16,87,98,45,83,164,1,False
231,1,sdv-id-231,Bug,Poison,780,72,110,68,107,76,93,4,False
232,693,sdv-id-232,Rock,,413,1,27,67,185,20,102,1,False
233,1,sdv-id-233,Fighting,Fire,471,9,98,76,32,20,112,5,False
234,601,sdv-id-234,Ground,,502,14,61,94,111,47,136,2,True
235,276,sdv-id-235,Fairy,,483,13,27,29,67,49,82,1,False
236,113,sdv-id-236,Water,Water,508,20,16,114,89,20,115,3,False
237,520,sdv-id-237,Dark,Flying,248,45,40,114,72,23,140,6,False
238,273,sdv-id-238,Ghost,Ground,467,25,120,95,184,78,180,2,False
239,632,sdv-id-239,Grass,Dark,459,27,128,175,74,20,103,2,False
240,163,sdv-id-240,Rock,Grass,383,15,20,59,13,20,90,5,False
241,120,sdv-id-241,Ground,Ground,509,29,112,68,76,65,119,3,False
242,1,sdv-id-242,Normal,Flying,280,28,47,65,46,69,52,6,False
243,295,sdv-id-243,Bug,Fighting,299,13,161,80,94,45,180,1,False
244,54,sdv-id-244,Fighting,,281,34,11,73,139,35,31,1,False
245,721,sdv-id-245,Fire,Fairy,335,20,115,27,21,44,54,5,False
246,580,sdv-id-246,Bug,Flying,487,53,116,135,194,74,152,2,False
247,285,sdv-id-247,Fire,Steel,725,23,123,131,187,20,141,2,False
248,108,sdv-id-248,Steel,Dark,780,26,181,88,107,20,96,3,False
249,200,sdv-id-249,Electric,Flying,430,34,99,135,154,80,83,5,False
250,470,sdv-id-250,Grass,Steel,780,83,82,128,108,91,119,4,True
251,534,sdv-id-251,Normal,Water,705,71,81,75,150,122,104,1,False
252,93,sdv-id-252,Rock,Dark,640,40,119,103,89,58,133,6,False
253,287,sdv-id-253,Electric,,555,52,162,53,51,130,95,5,True
254,290,sdv-id-254,Grass,Flying,249,26,64,56,85,30,93,2,False
255,688,sdv-id-255,Fire,Fighting,512,31,63,124,60,78,87,2,False
256,561,sdv-id-256,Fighting,,180,61,60,97,52,76,65,5,False
257,52,sdv-id-257,Ice,Ground,317,44,48,96,79,94,130,4,False
258,721,sdv-id-258,Psychic,,312,42,51,89,17,108,73,3,False
259,328,sdv-id-259,Electric,,759,50,118,70,59,80,99,1,True
260,438,sdv-id-260,Rock,Flying,427,1,42,52,126,63,72,5,False
261,14,sdv-id-261,Fighting,Fighting,180,48,88,88,60,20,90,4,False
262,381,sdv-id-262,Bug,,390,8,33,99,86,20,57,6,False
263,644,sdv-id-263,Ghost,,291,1,27,79,10,26,50,1,False
264,507,sdv-id-264,Psychic,Ghost,478,46,48,152,90,90,64,1,False
265,467,sdv-id-265,Grass,,490,75,77,171,80,51,180,4,False
266,163,sdv-id-266,Bug,Fighting,386,14,32,142,32,20,125,1,False
267,50,sdv-id-267,Ground,Ghost,373,110,96,47,130,190,116,3,True
268,721,sdv-id-268,Water,Fighting,597,31,147,89,70,67,146,2,False
269,232,sdv-id-269,Rock,Fairy,455,1,99,33,93,73,111,1,False
270,181,sdv-id-270,Bug,,431,47,159,136,72,31,145,2,False
271,698,sdv-id-271,Normal,Psychic,473,39,77,72,48,64,132,6,False
272,594,sdv-id-272,Rock,,562,51,160,165,194,71,147,6,True
273,673,sdv-id-273,Normal,,292,36,12,37,10,67,90,2,False
274,531,sdv-id-274,Rock,Flying,335,87,47,72,35,77,74,2,True
275,437,sdv-id-275,Rock,Dark,500,7,27,86,102,58,110,6,False
276,134,sdv-id-276,Dark,,409,40,95,93,33,95,90,1,False
277,677,sdv-id-277,Bug,Flying,665,51,14,88,60,53,125,3,False
278,539,sdv-id-278,Electric,Ghost,479,32,17,104,63,45,127,1,False
279,196,sdv-id-279,Poison,,273,57,43,116,22,68,128,1,False
280,354,sdv-id-280,Ice,,378,17,5,109,60,31,133,1,False
281,1,sdv-id-281,Ghost,,305,23,72,161,41,28,89,5,False
282,349,sdv-id-282,Rock,Grass,272,27,113,134,43,20,153,1,False
283,387,sdv-id-283,Normal,Ground,459,27,74,107,119,59,69,3,False
284,721,sdv-id-284,Psychic,,527,84,190,93,194,150,143,5,True
285,558,sdv-id-285,Grass,Fairy,504,14,99,5,52,64,120,6,False
286,260,sdv-id-286,Ground,Dragon,491,19,190,105,155,111,100,5,True
287,17,sdv-id-287,Electric,Psychic,282,40,88,150,108,41,148,4,False
288,622,sdv-id-288,Dragon,Dark,451,54,168,59,72,53,93,3,False
289,709,sdv-id-289,Psychic,Ground,585,58,105,131,60,52,174,1,False
290,561,sdv-id-290,Fire,,438,60,72,53,45,44,114,5,False
291,451,sdv-id-291,Steel,Fighting,488,98,96,138,94,83,67,2,True
292,511,sdv-id-292,Dragon,Fighting,339,91,27,25,142,128,113,6,False
293,586,sdv-id-293,Bug,,180,34,5,17,10,29,87,2,False
294,721,sdv-id-294,Ground,Fighting,583,66,39,70,49,125,106,5,False
295,424,sdv-id-295,Fairy,,434,11,53,34,58,64,49,1,False
296,185,sdv-id-296,Ice,Psychic,354,64,8,64,161,69,102,1,False
297,95,sdv-id-297,Grass,Grass,274,1,188,43,78,20,120,5,False
298,363,sdv-id-298,Rock,,213,12,24,136,10,20,106,1,False
299,721,sdv-id-299,Normal,,180,16,5,8,15,23,141,6,False
300,225,sdv-id-300,Water,,410,6,60,20,38,52,93,4,False
301,298,sdv-id-301,Normal,,542,28,54,53,67,58,101,1,False
302,1,sdv-id-302,Electric,Fighting,484,62,86,71,82,144,59,5,True
303,456,sdv-id-303,Water,Steel,272,26,23,38,107,42,180,4,True
304,554,sdv-id-304,Dragon,Flying,290,20,110,97,78,64,144,6,False
305,379,sdv-id-305,Ghost,Water,627,45,152,57,26,22,130,4,False
306,109,sdv-id-306,Ice,Flying,267,76,63,170,91,100,141,1,False
307,289,sdv-id-307,Dragon,Water,505,90,120,230,100,77,163,5,True
308,150,sdv-id-308,Dragon,,369,18,96,101,109,68,124,6,False
309,81,sdv-id-309,Fire,Dark,711,41,124,126,74,52,96,5,False
310,277,sdv-id-310,Bug,Psychic,380,37,89,188,87,69,101,2,False
311,92,sdv-id-311,Ground,Normal,492,41,95,160,86,79,116,6,False
312,217,sdv-id-312,Grass,,359,17,5,110,56,60,180,1,False
313,700,sdv-id-313,Psychic,Fighting,408,34,92,98,105,75,87,3,False
314,590,sdv-id-314,Electric,,356,80,53,82,73,20,73,1,False
315,721,sdv-id-315,Bug,Flying,307,6,129,132,116,51,137,3,True
316,630,sdv-id-316,Bug,Electric,474,3,119,43,47,20,117,1,False
317,314,sdv-id-317,Normal,Dark,593,11,122,120,93,25,114,4,False
318,272,sdv-id-318,Bug,Fighting,347,83,65,164,115,83,83,3,False
319,325,sdv-id-319,Poison,,686,56,183,152,115,52,127,3,False
320,547,sdv-id-320,Fire,,650,28,123,65,59,63,119,3,False
321,345,sdv-id-321,Grass,Electric,321,37,57,121,55,43,175,6,False
322,1,sdv-id-322,Ice,,180,27,93,5,11,92,30,1,False
323,721,sdv-id-323,Psychic,,451,55,190,142,178,84,102,3,True
324,10,sdv-id-324,Dark,,536,11,94,230,113,73,150,3,False
325,384,sdv-id-325,Ghost,Psychic,283,25,38,90,29,57,65,1,False
326,275,sdv-id-326,Psychic,,414,33,52,147,53,68,117,2,False
327,355,sdv-id-327,Ice,Flying,780,68,56,86,97,45,172,4,False
328,462,sdv-id-328,Fire,Dragon,308,28,93,49,35,20,89,5,False
329,34,sdv-id-329,Water,Flying,434,9,137,93,110,47,109,4,False
330,526,sdv-id-330,Grass,Flying,780,69,55,133,140,98,123,6,False
331,223,sdv-id-331,Normal,Dark,497,26,45,64,62,54,159,6,False
332,721,sdv-id-332,Dragon,Fire,573,41,144,85,194,49,147,5,True
333,273,sdv-id-333,Steel,Psychic,348,39,48,95,76,123,147,4,False
334,429,sdv-id-334,Fire,Fairy,180,42,43,101,72,72,88,6,False
335,586,sdv-id-335,Steel,Flying,502,74,69,65,96,42,180,3,False
336,191,sdv-id-336,Water,,245,42,67,82,46,34,85,3,False
337,312,sdv-id-337,Poison,Electric,267,5,27,102,96,35,80,5,False
338,682,sdv-id-338,Dragon,Water,444,20,89,53,73,97,87,4,False
339,281,sdv-id-339,Ghost,Ground,506,4,102,58,93,20,134,2,False
340,173,sdv-id-340,Ice,Flying,522,84,6,114,61,109,136,1,False
341,345,sdv-id-341,Fighting,Steel,458,67,67,160,158,135,125,4,False
342,374,sdv-id-342,Bug,Ghost,425,20,59,95,73,110,118,5,False
343,231,sdv-id-343,Ice,Flying,780,120,19,83,112,93,122,5,False
344,199,sdv-id-344,Bug,,263,21,74,120,52,20,155,3,False
345,379,sdv-id-345,Ice,Flying,447,13,119,84,29,76,174,6,False
346,229,sdv-id-346,Dark,Ground,585,67,122,78,83,47,106,5,False
347,172,sdv-id-347,Fire,Dragon,520,56,116,161,93,40,180,1,False
348,536,sdv-id-348,Fire,Steel,316,77,49,113,71,96,57,1,False
349,252,sdv-id-349,Bug,,320,24,23,27,59,20,120,6,False
350,721,sdv-id-350,Normal,,415,64,76,21,104,46,79,3,False
351,567,sdv-id-351,Psychic,Poison,545,77,92,99,99,122,127,5,False
352,227,sdv-id-352,Dragon,Flying,695,33,135,107,65,113,126,2,True
353,13,sdv-id-353,Rock,,371,33,49,87,78,57,121,1,False
354,297,sdv-id-354,Ghost,Ground,780,22,179,118,131,116,112,6,False
355,575,sdv-id-355,Normal,,594,73,92,129,48,53,180,4,False
356,245,sdv-id-356,Dragon,Flying,742,63,117,86,69,63,74,5,False
357,509,sdv-id-357,Normal,Ground,582,48,68,56,72,58,110,5,False
358,189,sdv-id-358,Water,Fairy,464,72,84,96,69,33,180,6,False
359,1,sdv-id-359,Fighting,,405,12,56,72,72,66,88,6,False
360,695,sdv-id-360,Bug,,578,23,71,101,155,128,138,6,True
361,343,sdv-id-361,Ice,,253,1,130,49,10,20,96,5,False
362,7,sdv-id-362,Water,Dark,180,14,22,84,168,34,92,6,False
363,387,sdv-id-363,Ground,,285,18,91,73,49,52,106,2,False
364,721,sdv-id-364,Dark,Fire,560,90,79,106,111,56,87,5,False
365,154,sdv-id-365,Fire,Fire,373,10,43,132,102,85,83,3,False
366,647,sdv-id-366,Water,Ground,742,16,31,99,102,112,97,6,False
367,338,sdv-id-367,Ice,Fairy,320,38,59,112,10,28,89,5,False
368,555,sdv-id-368,Ground,,780,83,76,85,194,89,177,4,True
369,190,sdv-id-369,Fairy,Dragon,529,36,137,77,18,23,111,3,False
370,598,sdv-id-370,Electric,,419,55,157,155,122,67,104,6,True
371,426,sdv-id-371,Dragon,Flying,438,51,117,5,119,73,24,3,False
372,72,sdv-id-372,Grass,,385,89,96,201,47,44,145,2,False
373,327,sdv-id-373,Grass,Flying,403,33,116,94,71,61,175,6,False
374,63,sdv-id-374,Dragon,Poison,555,53,111,111,51,23,59,1,False
375,721,sdv-id-375,Psychic,,485,89,66,40,132,89,138,2,True
376,698,sdv-id-376,Water,Ground,506,44,133,142,181,56,103,6,True
377,393,sdv-id-377,Poison,Poison,586,91,55,57,53,70,180,3,False
378,616,sdv-id-378,Fairy,Ice,565,6,56,157,103,97,93,4,False
379,501,sdv-id-379,Ghost,Poison,552,92,156,97,187,109,155,3,True
380,215,sdv-id-380,Electric,,539,49,111,69,129,88,170,5,True
381,462,sdv-id-381,Steel,Psychic,494,42,74,18,78,95,127,5,False
382,416,sdv-id-382,Normal,,388,4,24,21,26,52,71,5,False
383,721,sdv-id-383,Fire,Rock,474,74,113,90,28,41,100,4,False
384,40,sdv-id-384,Fighting,Ghost,276,8,129,57,151,87,118,6,False
385,125,sdv-id-385,Grass,Steel,404,32,48,70,40,30,104,5,False
386,420,sdv-id-386,Fire,,420,1,57,39,81,28,103,6,False
387,75,sdv-id-387,Ground,Grass,464,30,98,82,135,72,129,5,False
388,181,sdv-id-388,Steel,Steel,513,49,60,151,74,41,142,5,False
389,1,sdv-id-389,Bug,,408,28,104,40,45,36,31,2,False
390,262,sdv-id-390,Water,Dragon,470,66,84,126,60,28,69,3,False
391,1,sdv-id-391,Grass,Electric,612,53,53,25,67,81,137,1,False
392,583,sdv-id-392,Normal,Poison,436,7,96,101,154,113,134,3,False
393,721,sdv-id-393,Steel,,429,1,76,56,76,20,117,4,False
394,148,sdv-id-394,Dark,,431,70,74,169,98,24,95,2,False
395,692,sdv-id-395,Water,Fighting,464,16,43,78,194,71,91,5,False
396,497,sdv-id-396,Ground,Steel,286,40,96,45,67,76,44,2,False
397,548,sdv-id-397,Poison,,440,50,37,51,54,20,180,6,False
398,564,sdv-id-398,Steel,Rock,180,9,58,64,33,20,95,6,False
399,1,sdv-id-399,Psychic,,717,45,140,201,64,125,180,4,False
400,653,sdv-id-400,Steel,,401,37,85,44,187,73,63,3,False
401,676,sdv-id-401,Fire,Psychic,595,16,89,79,71,20,50,3,False
402,355,sdv-id-402,Bug,,268,37,24,142,74,98,69,2,False
403,29,sdv-id-403,Bug,Poison,234,18,38,64,78,58,111,4,True
404,467,sdv-id-404,Ground,Flying,493,54,22,138,116,34,127,1,False
405,261,sdv-id-405,Fairy,Fighting,456,29,49,79,59,90,127,1,False
406,356,sdv-id-406,Ghost,,453,8,47,55,72,20,72,1,False
407,201,sdv-id-407,Bug,Psychic,563,79,55,165,80,28,113,2,False
408,721,sdv-id-408,Fairy,Fighting,382,36,10,191,88,57,120,2,False
409,158,sdv-id-409,Dragon,Grass,481,41,8,118,78,90,90,2,False
410,593,sdv-id-410,Electric,Dark,180,116,73,116,110,65,49,6,False
411,644,sdv-id-411,Rock,Ghost,496,25,156,117,111,134,180,5,True
412,443,sdv-id-412,Steel,Fighting,454,4,15,112,89,49,75,5,False
413,521,sdv-id-413,Ice,Fairy,231,58,69,125,96,113,163,5,False
414,721,sdv-id-414,Dark,,472,39,70,103,31,104,124,3,False
415,721,sdv-id-415,Rock,Ice,780,35,164,149,93,48,94,2,False
416,721,sdv-id-416,Psychic,Dark,780,87,190,145,97,58,125,5,True
417,542,sdv-id-417,Dark,Flying,499,19,49,93,174,57,102,3,False
418,165,sdv-id-418,Water,Psychic,439,42,97,87,41,39,180,5,False
419,587,sdv-id-419,Rock,Ground,780,77,170,88,92,178,150,5,True
420,378,sdv-id-420,Ice,Fighting,180,55,5,31,53,20,96,3,False
421,721,sdv-id-421,Ice,,216,30,20,117,33,34,85,3,False
422,175,sdv-id-422,Water,Poison,755,53,167,117,94,71,149,3,True
423,697,sdv-id-423,Fire,,500,13,61,165,46,58,43,1,False
424,664,sdv-id-424,Normal,,180,10,59,53,10,42,133,3,False
425,146,sdv-id-425,Poison,,437,30,36,74,48,89,35,1,False
426,721,sdv-id-426,Ghost,Water,570,38,49,153,147,36,84,6,False
427,1,sdv-id-427,Rock,Grass,212,44,143,130,141,35,88,5,False
428,7,sdv-id-428,Fire,,492,87,109,132,63,124,180,6,False
429,721,sdv-id-429,Dragon,Dark,477,14,152,87,160,79,84,6,False
430,618,sdv-id-430,Water,Grass,550,29,117,90,68,49,104,3,False
431,160,sdv-id-431,Psychic,,180,43,86,92,59,66,80,1,False
432,349,sdv-id-432,Electric,,509,42,68,64,138,26,98,1,False
433,366,sdv-id-433,Fairy,,446,50,104,78,84,92,159,1,False
434,256,sdv-id-434,Bug,Fighting,521,33,96,156,149,118,96,2,False
435,217,sdv-id-435,Water,,499,90,33,88,100,61,113,3,True
436,577,sdv-id-436,Bug,Bug,435,8,80,50,138,56,131,1,False
437,8,sdv-id-437,Rock,Fairy,468,14,66,30,70,133,113,4,False
438,176,sdv-id-438,Water,,180,18,43,162,10,32,129,1,False
439,721,sdv-id-439,Normal,,217,67,22,106,10,35,45,5,False
440,23,sdv-id-440,Bug,,180,46,15,69,33,35,99,1,False
441,699,sdv-id-441,Water,Dark,539,20,169,89,194,102,121,6,True
442,721,sdv-id-442,Rock,,335,16,69,85,103,123,62,6,False
443,721,sdv-id-443,Rock,Fighting,780,69,109,80,135,102,148,6,False
444,570,sdv-id-444,Normal,,209,55,48,83,38,20,77,2,False
445,241,sdv-id-445,Ghost,,224,51,47,72,26,63,95,5,False
446,721,sdv-id-446,Grass,,563,67,48,32,76,49,180,6,False
447,101,sdv-id-447,Bug,Dragon,551,12,123,133,74,20,113,5,True
448,183,sdv-id-448,Dragon,Water,249,10,33,95,29,32,100,2,False
449,365,sdv-id-449,Fire,Ground,441,66,28,93,109,60,101,5,False
450,721,sdv-id-450,Fairy,,547,70,86,103,10,52,131,1,False
451,323,sdv-id-451,Dragon,,494,31,51,103,51,31,96,1,False
452,635,sdv-id-452,Normal,,426,34,90,22,46,50,104,1,False
453,239,sdv-id-453,Grass,Fire,502,40,36,157,33,96,180,5,False
454,721,sdv-id-454,Dragon,,558,68,130,173,160,47,78,6,True
455,243,sdv-id-455,Grass,Dark,489,20,67,44,97,73,99,6,False
456,454,sdv-id-456,Normal,,180,1,59,38,26,20,121,4,False
457,270,sdv-id-457,Electric,,780,60,141,92,160,135,148,4,True
458,393,sdv-id-458,Water,Ground,459,34,73,99,187,62,23,2,False
459,272,sdv-id-459,Water,Fighting,405,34,7,136,120,29,130,3,False
460,183,sdv-id-460,Dragon,Dragon,542,46,94,45,155,45,59,1,False
461,306,sdv-id-461,Fire,Normal,345,26,42,69,59,31,117,2,False
462,721,sdv-id-462,Fire,Fighting,444,16,36,101,166,55,53,3,False
463,677,sdv-id-463,Normal,Poison,264,72,135,112,10,49,114,5,False
464,572,sdv-id-464,Fairy,Ghost,738,54,65,94,147,99,142,1,False
465,181,sdv-id-465,Fire,,180,12,5,70,27,41,63,1,False
466,119,sdv-id-466,Dark,Fighting,494,67,33,90,18,20,180,3,False
467,605,sdv-id-467,Fire,Fairy,443,32,33,18,171,65,136,5,False
468,1,sdv-id-468,Fire,Flying,312,5,91,60,97,82,146,1,False
469,423,sdv-id-469,Dragon,Psychic,363,10,127,86,44,45,154,2,False
470,721,sdv-id-470,Grass,Fighting,621,69,84,145,77,83,72,3,True
471,679,sdv-id-471,Psychic,,331,13,51,20,10,20,93,4,False
472,713,sdv-id-472,Normal,,301,73,15,28,19,74,65,5,False
473,380,sdv-id-473,Normal,Psychic,395,28,25,117,51,43,98,5,False
474,276,sdv-id-474,Water,,278,56,54,29,40,20,107,4,False
475,345,sdv-id-475,Water,Ice,347,74,89,126,83,111,136,5,True
476,574,sdv-id-476,Water,Grass,419,20,19,104,70,55,88,6,False
477,463,sdv-id-477,Fairy,Water,561,25,106,126,71,75,62,1,False
478,32,sdv-id-478,Rock,,512,80,35,83,188,142,103,6,False
479,476,sdv-id-479,Dark,,199,25,80,90,26,36,101,5,False
480,671,sdv-id-480,Electric,Ghost,552,19,87,61,71,44,135,5,False
481,476,sdv-id-481,Fire,Ground,460,51,69,118,133,32,69,1,False
482,24,sdv-id-482,Normal,Psychic,392,22,17,42,28,44,95,5,False
483,131,sdv-id-483,Dark,Flying,465,83,60,148,87,59,114,6,False
484,626,sdv-id-484,Bug,Grass,538,13,190,28,60,155,69,5,False
485,481,sdv-id-485,Electric,,546,39,157,140,181,29,80,2,False
486,590,sdv-id-486,Dragon,,618,105,190,95,67,60,140,4,True
487,373,sdv-id-487,Dragon,Psychic,590,6,111,96,157,58,144,2,False
488,721,sdv-id-488,Dark,Dark,465,20,70,122,134,20,101,5,False
489,514,sdv-id-489,Steel,Normal,780,25,135,166,120,52,83,4,False
490,151,sdv-id-490,Poison,Steel,405,45,67,144,102,34,108,4,False
491,721,sdv-id-491,Dragon,Rock,180,21,5,97,47,28,65,1,False
492,412,sdv-id-492,Normal,Psychic,556,60,92,130,92,78,113,1,False
493,721,sdv-id-493,Fire,Poison,517,28,115,51,86,78,180,6,False
494,152,sdv-id-494,Fighting,Fighting,425,79,83,192,175,43,94,6,False
495,24,sdv-id-495,Normal,,457,12,17,28,49,87,95,1,False
496,38,sdv-id-496,Ghost,,455,50,92,64,159,129,103,1,False
497,247,sdv-id-497,Grass,Dark,639,85,154,93,76,54,105,1,False
498,522,sdv-id-498,Rock,Fighting,400,57,71,74,74,29,59,1,False
499,606,sdv-id-499,Water,,449,31,6,118,92,37,118,1,False
500,604,sdv-id-500,Ground,Fairy,249,20,5,63,10,20,136,6,False
501,116,sdv-id-501,Normal,,424,6,17,108,37,21,103,1,False
502,621,sdv-id-502,Water,Bug,755,105,140,43,181,163,47,3,True
503,298,sdv-id-503,Psychic,,568,50,40,70,10,53,126,5,False
504,389,sdv-id-504,Fairy,,402,25,12,84,88,40,87,1,False
505,12,sdv-id-505,Flying,Fairy,608,41,190,52,104,67,32,5,False
506,1,sdv-id-506,Bug,Dragon,704,1,117,124,58,55,180,4,False
507,345,sdv-id-507,Bug,Fighting,295,35,10,164,34,20,59,2,False
508,660,sdv-id-508,Bug,Fighting,457,60,117,177,194,76,101,6,True
509,474,sdv-id-509,Dark,Dark,187,19,11,37,56,48,79,5,False
510,441,sdv-id-510,Poison,,285,94,64,97,33,60,67,2,False
511,354,sdv-id-511,Ghost,Ghost,462,34,41,135,168,87,160,4,False
512,308,sdv-id-512,Fire,,180,33,6,41,10,21,74,1,False
513,721,sdv-id-513,Electric,Grass,780,48,190,181,103,88,145,6,False
514,469,sdv-id-514,Rock,Fairy,504,75,15,87,62,100,97,5,False
515,394,sdv-id-515,Steel,Flying,544,8,5,50,145,53,95,5,False
516,98,sdv-id-516,Dark,,180,9,5,36,70,21,114,4,False
517,13,sdv-id-517,Steel,,180,19,52,17,78,56,103,1,False
518,8,sdv-id-518,Poison,Poison,361,40,105,85,113,69,78,3,False
519,111,sdv-id-519,Fighting,Ice,453,11,114,85,72,51,109,6,False
520,232,sdv-id-520,Fighting,Dark,363,18,79,99,60,104,99,4,False
521,250,sdv-id-521,Steel,,780,111,82,140,89,75,130,2,False
522,651,sdv-id-522,Dragon,,394,59,113,126,64,117,53,1,False
523,1,sdv-id-523,Ground,Steel,331,54,68,155,85,117,70,2,False
524,1,sdv-id-524,Ice,Ground,541,92,158,170,122,119,149,3,False
525,17,sdv-id-525,Dragon,,424,17,102,66,37,37,104,1,False
526,35,sdv-id-526,Psychic,Flying,297,54,190,106,109,54,180,3,False
527,1,sdv-id-527,Bug,Flying,417,80,54,27,86,149,73,2,False
528,666,sdv-id-528,Electric,Fighting,451,53,167,148,101,97,153,6,True
529,685,sdv-id-529,Ghost,,464,42,173,80,49,100,86,6,False
530,398,sdv-id-530,Water,Fairy,483,44,62,90,47,90,180,4,False
531,439,sdv-id-531,Dragon,Dark,399,28,180,137,109,96,155,3,False
532,481,sdv-id-532,Steel,Dark,270,50,37,90,62,83,90,3,False
533,74,sdv-id-533,Steel,Grass,415,53,106,70,102,76,106,2,False
534,524,sdv-id-534,Water,Fire,590,17,119,146,178,38,126,6,False
535,589,sdv-id-535,Poison,,558,44,63,10,137,114,180,1,False
536,681,sdv-id-536,Fairy,,395,1,18,100,56,44,42,3,False
537,235,sdv-id-537,Fire,Psychic,372,13,190,74,66,113,62,5,False
538,15,sdv-id-538,Bug,Ground,492,8,76,130,156,21,79,1,False
539,610,sdv-id-539,Rock,Poison,462,15,92,83,94,67,87,6,False
540,372,sdv-id-540,Poison,Ghost,758,102,183,146,193,125,72,4,False
541,330,sdv-id-541,Grass,Flying,670,72,127,71,91,98,135,3,False
542,628,sdv-id-542,Dark,,574,29,158,8,83,65,105,6,False
543,44,sdv-id-543,Water,Electric,256,52,5,83,26,29,81,3,False
544,186,sdv-id-544,Fire,Steel,478,18,103,58,110,51,135,5,True
545,275,sdv-id-545,Normal,Psychic,305,14,48,36,37,20,79,1,False
546,433,sdv-id-546,Water,Dragon,433,164,85,149,85,52,114,6,True
547,74,sdv-id-547,Ground,Fire,349,62,65,142,81,40,180,3,True
548,263,sdv-id-548,Grass,,222,20,23,78,94,30,121,1,False
549,216,sdv-id-549,Fire,Flying,483,25,5,85,173,49,157,6,False
550,618,sdv-id-550,Steel,Flying,521,41,41,80,58,36,97,1,False
551,501,sdv-id-551,Ground,Flying,526,21,46,170,52,69,123,1,False
552,358,sdv-id-552,Water,Water,561,31,89,65,57,104,65,4,False
553,177,sdv-id-553,Water,Fire,503,88,34,56,61,94,180,5,False
554,369,sdv-id-554,Ice,Normal,180,31,47,131,60,21,15,5,False
555,561,sdv-id-555,Water,Ground,365,42,76,107,111,93,49,1,False
556,1,sdv-id-556,Rock,Dark,533,37,114,66,94,69,59,3,False
557,1,sdv-id-557,Dragon,,377,2,68,71,62,90,96,1,False
558,707,sdv-id-558,Dark,Flying,580,87,132,122,175,50,110,6,False
559,570,sdv-id-559,Grass,,180,13,27,30,37,20,113,1,False
560,714,sdv-id-560,Water,,556,42,63,141,95,126,104,3,False
561,225,sdv-id-561,Dark,Grass,648,10,43,138,69,57,93,5,False
562,294,sdv-id-562,Grass,Ground,388,29,95,134,39,20,180,6,False
563,1,sdv-id-563,Grass,,329,97,108,61,57,88,98,2,False
564,1,sdv-id-564,Dark,Ground,534,78,77,107,146,105,115,2,False
565,193,sdv-id-565,Steel,,520,38,65,109,80,95,110,4,False
566,1,sdv-id-566,Water,,187,2,92,72,65,33,115,6,False
567,644,sdv-id-567,Fire,Poison,218,45,30,63,10,20,52,3,False
568,283,sdv-id-568,Electric,,474,61,62,67,97,38,131,6,False
569,461,sdv-id-569,Dark,Psychic,411,7,161,100,39,21,97,4,False
570,473,sdv-id-570,Bug,Fighting,529,63,103,109,153,217,92,5,False
571,1,sdv-id-571,Normal,Psychic,180,38,91,229,63,39,67,1,False
572,369,sdv-id-572,Fire,,501,83,123,95,106,114,84,6,False
573,120,sdv-id-573,Dark,,396,5,28,75,78,48,52,1,False
574,69,sdv-id-574,Normal,,526,56,49,53,59,83,180,6,False
575,209,sdv-id-575,Electric,,696,19,110,80,77,197,163,1,True
576,479,sdv-id-576,Ghost,Poison,254,74,134,230,61,55,138,3,True
577,620,sdv-id-577,Grass,,221,26,112,29,18,42,137,5,False
578,625,sdv-id-578,Normal,,459,7,30,51,65,50,88,1,False
579,28,sdv-id-579,Fire,Grass,588,45,190,85,85,92,89,3,False
580,388,sdv-id-580,Ground,Ground,310,35,11,81,121,130,86,6,False
581,274,sdv-id-581,Bug,,780,116,89,95,25,43,121,6,True
582,1,sdv-id-582,Grass,,384,1,100,57,33,20,66,1,False
583,421,sdv-id-583,Rock,,576,182,25,77,71,103,142,4,False
584,261,sdv-id-584,Water,Grass,270,31,15,87,126,62,130,3,False
585,295,sdv-id-585,Water,Ground,359,16,37,91,85,49,99,4,False
586,515,sdv-id-586,Rock,,780,79,188,111,180,91,147,6,True
587,721,sdv-id-587,Ground,,460,32,63,108,66,20,87,3,False
588,167,sdv-id-588,Bug,Dragon,269,17,26,34,95,115,67,1,False
589,126,sdv-id-589,Bug,Psychic,575,32,184,43,64,87,124,5,False
590,611,sdv-id-590,Water,,462,61,190,110,80,99,120,6,True
591,1,sdv-id-591,Fighting,Ground,180,3,190,10,32,20,37,1,False
592,550,sdv-id-592,Water,Fighting,406,60,36,87,123,122,121,3,False
593,570,sdv-id-593,Normal,Dragon,618,8,122,69,103,57,133,6,False
594,23,sdv-id-594,Bug,,471,30,56,78,69,26,82,3,False
595,17,sdv-id-595,Dragon,Flying,192,48,49,148,155,36,67,6,False
596,658,sdv-id-596,Ground,Flying,585,65,180,84,194,89,127,3,True
597,195,sdv-id-597,Fighting,Fighting,319,10,68,61,21,20,105,6,False
598,1,sdv-id-598,Normal,Ground,180,15,5,84,64,20,110,1,False
599,576,sdv-id-599,Dark,Fighting,210,26,114,125,48,20,73,1,False
600,223,sdv-id-600,Dark,Flying,416,83,42,142,98,123,148,1,False
601,126,sdv-id-601,Fire,,403,55,131,75,76,89,78,1,False
602,475,sdv-id-602,Ghost,Poison,385,79,13,118,34,83,129,5,False
603,199,sdv-id-603,Ghost,Bug,441,52,67,98,17,25,77,5,False
604,269,sdv-id-604,Fire,Fire,180,54,58,51,38,22,69,5,False
605,583,sdv-id-605,Rock,Dark,780,86,82,122,104,108,109,6,False
606,721,sdv-id-606,Fire,Ground,444,6,190,107,34,55,112,1,False
607,92,sdv-id-607,Bug,,411,44,40,94,66,42,126,1,False
608,520,sdv-id-608,Fire,Ghost,506,72,72,111,42,58,106,4,False
609,693,sdv-id-609,Grass,,221,33,7,34,48,22,89,1,False
610,486,sdv-id-610,Psychic,,282,49,41,66,41,133,72,1,False
611,230,sdv-id-611,Dragon,Fire,287,16,106,91,53,44,150,1,False
612,318,sdv-id-612,Bug,Dragon,448,37,31,140,45,20,88,2,False
613,356,sdv-id-613,Bug,Flying,222,93,16,132,79,125,113,5,False
614,254,sdv-id-614,Grass,Rock,557,66,102,123,125,86,139,5,False
615,1,sdv-id-615,Electric,,480,87,77,20,64,43,116,6,False
616,607,sdv-id-616,Fire,Fairy,500,75,69,147,60,32,150,6,False
617,721,sdv-id-617,Grass,Poison,780,72,129,70,194,124,145,3,True
618,636,sdv-id-618,Fighting,Dark,514,14,92,88,109,101,112,6,False
619,1,sdv-id-619,Grass,Ground,227,10,21,76,93,20,141,5,False
620,498,sdv-id-620,Fighting,Dragon,515,48,92,114,106,67,128,1,False
621,421,sdv-id-621,Rock,Grass,641,23,164,91,111,92,147,3,False
622,251,sdv-id-622,Water,,780,32,167,123,113,57,154,3,True
623,1,sdv-id-623,Normal,,181,46,94,22,22,24,100,5,False
624,226,sdv-id-624,Electric,Psychic,426,42,152,53,51,20,60,5,False
625,161,sdv-id-625,Dark,,482,25,127,101,159,111,93,3,False
626,1,sdv-id-626,Grass,Flying,473,53,159,55,101,114,122,6,False
627,693,sdv-id-627,Bug,,602,51,190,60,108,103,148,3,True
628,98,sdv-id-628,Fire,Dark,491,16,6,78,72,70,50,1,False
629,459,sdv-id-629,Ground,Water,319,12,151,189,67,87,106,3,False
630,105,sdv-id-630,Water,Flying,336,43,152,103,54,98,110,3,False
631,721,sdv-id-631,Fairy,Grass,735,32,151,102,99,80,84,3,True
632,379,sdv-id-632,Psychic,,751,92,104,40,154,83,146,6,True
633,682,sdv-id-633,Ghost,Ground,281,30,5,94,61,22,119,6,False
634,223,sdv-id-634,Fighting,Ground,513,20,100,98,86,22,63,5,False
635,455,sdv-id-635,Psychic,Poison,263,21,76,93,58,20,105,5,False
636,489,sdv-id-636,Ghost,Grass,291,16,138,108,79,69,37,3,False
637,484,sdv-id-637,Fairy,Ground,180,24,108,90,65,37,99,2,False
638,86,sdv-id-638,Bug,,629,49,9,35,74,83,117,2,False
639,1,sdv-id-639,Water,,419,40,123,87,60,99,120,4,True
640,565,sdv-id-640,Water,,326,16,6,70,81,20,106,1,False
641,476,sdv-id-641,Dark,Flying,291,65,6,138,62,32,167,2,False
642,650,sdv-id-642,Psychic,,180,34,5,83,67,58,180,4,False
643,653,sdv-id-643,Grass,,312,25,126,125,91,72,180,6,False
644,159,sdv-id-644,Grass,Grass,180,71,96,115,43,58,132,5,False
645,550,sdv-id-645,Bug,Dragon,488,19,78,64,82,21,70,5,False
646,713,sdv-id-646,Water,Flying,780,55,38,74,76,75,116,3,False
647,200,sdv-id-647,Bug,Ground,472,39,65,112,48,75,112,4,False
648,198,sdv-id-648,Steel,Rock,458,80,159,33,149,125,95,3,False
649,599,sdv-id-649,Water,Fighting,460,76,82,31,44,56,65,4,False
650,328,sdv-id-650,Ice,Psychic,336,1,23,74,96,73,88,1,False
651,138,sdv-id-651,Fire,,439,46,27,112,19,20,27,1,False
652,689,sdv-id-652,Fire,Ground,410,88,43,87,22,62,113,1,False
653,656,sdv-id-653,Ghost,Flying,780,32,86,132,101,120,128,3,False
654,200,sdv-id-654,Ground,Bug,300,32,178,143,83,50,58,5,False
655,434,sdv-id-655,Normal,Flying,716,37,190,90,49,45,173,2,False
656,708,sdv-id-656,Ground,Ice,310,6,73,49,66,33,89,3,False
657,1,sdv-id-657,Poison,,607,52,89,183,71,69,148,4,False
658,180,sdv-id-658,Normal,Bug,566,55,83,146,185,133,163,4,False
659,102,sdv-id-659,Fire,,423,22,13,143,48,51,106,3,False
660,418,sdv-id-660,Electric,Dark,312,93,15,97,55,72,104,5,False
661,119,sdv-id-661,Dark,,543,21,37,42,34,33,139,6,False
662,57,sdv-id-662,Flying,Fairy,524,62,23,25,113,120,85,3,False
663,266,sdv-id-663,Dragon,Fighting,548,73,188,102,124,152,131,1,False
664,313,sdv-id-664,Grass,Flying,217,22,36,40,92,27,180,6,False
665,107,sdv-id-665,Dark,Electric,731,63,152,136,108,44,70,1,False
666,8,sdv-id-666,Flying,Fairy,344,11,56,66,52,97,155,2,False
667,458,sdv-id-667,Steel,,248,56,101,30,63,49,48,2,False
668,273,sdv-id-668,Fire,Water,267,5,90,71,68,20,58,6,False
669,630,sdv-id-669,Water,Ground,243,20,5,53,62,63,58,2,False
670,150,sdv-id-670,Ghost,Dragon,780,44,125,70,126,71,124,1,False
671,1,sdv-id-671,Steel,Flying,251,83,119,79,62,51,144,2,False
672,577,sdv-id-672,Rock,,432,52,33,64,82,50,76,6,True
673,531,sdv-id-673,Ghost,Dragon,577,88,73,127,104,95,151,4,True
674,200,sdv-id-674,Fire,Fighting,303,67,106,71,85,22,31,5,False
675,721,sdv-id-675,Steel,,536,70,110,154,82,119,78,2,False
676,461,sdv-id-676,Ground,Fairy,442,22,11,53,10,20,102,2,False
677,60,sdv-id-677,Normal,Steel,180,32,88,98,110,40,133,5,False
678,478,sdv-id-678,Normal,,407,28,82,41,33,62,174,1,False
679,411,sdv-id-679,Psychic,,405,103,5,86,38,65,85,4,False
680,701,sdv-id-680,Dark,Fighting,545,51,54,151,153,148,133,4,False
681,87,sdv-id-681,Poison,Fighting,438,39,19,143,88,51,116,2,False
682,389,sdv-id-682,Bug,,515,71,187,84,194,126,89,2,True
683,52,sdv-id-683,Fairy,Fighting,522,34,92,115,62,28,150,1,False
684,441,sdv-id-684,Water,Flying,394,58,80,58,88,82,87,1,False
685,664,sdv-id-685,Fire,,370,31,5,53,10,36,75,1,False
686,721,sdv-id-686,Bug,,206,8,5,114,74,22,119,1,False
687,268,sdv-id-687,Bug,Psychic,451,14,64,81,143,20,180,4,False
688,384,sdv-id-688,Psychic,Flying,780,113,73,182,194,130,99,5,True
689,20,sdv-id-689,Steel,Ground,256,34,95,69,39,51,51,2,False
690,107,sdv-id-690,Poison,,384,17,54,34,31,39,33,5,False
691,97,sdv-id-691,Bug,Fairy,490,67,47,143,99,91,75,3,False
692,678,sdv-id-692,Electric,Flying,780,59,69,113,102,74,108,2,True
693,1,sdv-id-693,Dragon,Fairy,180,23,83,109,77,97,75,5,False
694,255,sdv-id-694,Dark,,245,56,77,20,19,74,76,4,True
695,721,sdv-id-695,Normal,Bug,412,7,136,143,54,33,157,1,False
696,119,sdv-id-696,Bug,,280,69,99,73,32,80,167,5,False
697,519,sdv-id-697,Ground,Dark,534,1,26,100,152,120,160,3,False
698,484,sdv-id-698,Bug,Grass,437,5,45,60,82,51,40,6,False
699,158,sdv-id-699,Ice,Flying,215,17,20,56,105,51,80,1,False
700,250,sdv-id-700,Grass,,196,32,79,97,58,29,134,1,False
701,202,sdv-id-701,Dragon,Dark,368,41,144,48,78,60,72,6,False
702,244,sdv-id-702,Water,,485,35,41,145,90,54,92,1,False
703,669,sdv-id-703,Bug,Steel,521,72,104,126,102,34,84,6,False
704,608,sdv-id-704,Fairy,Flying,337,12,19,5,23,20,179,5,False
705,721,sdv-id-705,Psychic,Fighting,484,69,118,59,194,150,147,5,True
706,615,sdv-id-706,Rock,Grass,235,49,60,149,41,21,58,1,False
707,105,sdv-id-707,Normal,,204,25,51,73,65,186,70,2,False
708,274,sdv-id-708,Dragon,Ground,399,26,47,97,51,20,120,2,False
709,143,sdv-id-709,Electric,Steel,431,16,144,78,121,29,97,5,False
710,515,sdv-id-710,Grass,,203,12,13,73,74,37,173,2,False
711,495,sdv-id-711,Dragon,Ice,693,85,98,134,109,37,180,2,False
712,384,sdv-id-712,Ice,,281,21,118,38,32,75,55,1,False
713,128,sdv-id-713,Ground,Ground,248,35,39,41,38,53,71,3,False
714,350,sdv-id-714,Dark,Ice,780,65,75,139,117,85,91,1,True
715,10,sdv-id-715,Ice,,560,54,124,142,81,98,180,6,True
716,714,sdv-id-716,Flying,Poison,780,90,159,101,147,110,127,4,False
717,1,sdv-id-717,Poison,,180,40,5,101,68,37,108,5,False
718,415,sdv-id-718,Ground,Poison,569,51,122,112,103,45,73,1,False
719,201,sdv-id-719,Water,Grass,529,39,65,93,86,82,120,3,False
720,249,sdv-id-720,Water,,362,44,22,44,61,59,78,2,False
721,109,sdv-id-721,Fire,Normal,478,13,49,147,127,31,180,5,False
722,515,sdv-id-722,Ground,,564,13,93,127,91,61,89,4,False
723,233,sdv-id-723,Flying,Fighting,450,56,176,35,104,138,135,3,False
724,523,sdv-id-724,Dragon,Psychic,270,72,34,139,84,52,69,5,True
725,121,sdv-id-725,Rock,,749,91,47,55,27,73,89,5,False
726,211,sdv-id-726,Steel,Poison,536,24,98,58,58,83,180,5,False
727,355,sdv-id-727,Ghost,,467,8,15,65,141,47,133,3,False
728,344,sdv-id-728,Ground,Steel,484,55,52,76,78,61,180,6,True
729,439,sdv-id-729,Ground,Ghost,520,13,38,73,49,49,94,5,False
730,1,sdv-id-730,Fighting,,513,2,113,73,100,49,108,5,False
731,721,sdv-id-731,Electric,,180,90,40,85,40,20,54,1,False
732,82,sdv-id-732,Normal,Water,689,158,65,84,140,114,142,3,False
733,698,sdv-id-733,Ice,Ghost,572,69,92,158,68,57,133,3,False
734,208,sdv-id-734,Fire,Flying,546,77,57,93,125,112,124,6,False
735,1,sdv-id-735,Water,,180,1,5,19,48,20,93,1,False
736,20,sdv-id-736,Psychic,Fairy,388,5,120,79,18,20,71,6,False
737,490,sdv-id-737,Fire,Dark,483,31,76,113,10,57,122,3,False
738,129,sdv-id-738,Water,Fighting,660,27,80,75,105,56,92,5,False
739,310,sdv-id-739,Steel,Fire,309,28,55,137,71,53,81,5,False
740,500,sdv-id-740,Fairy,Fighting,613,65,91,99,114,29,112,3,False
741,232,sdv-id-741,Rock,Fighting,546,22,103,133,66,87,82,3,False
742,231,sdv-id-742,Normal,Ground,389,54,17,65,21,34,73,1,False
743,277,sdv-id-743,Grass,Flying,284,30,30,109,82,20,81,6,False
744,709,sdv-id-744,Normal,,607,27,125,35,154,79,92,1,False
745,522,sdv-id-745,Fire,,500,60,31,60,146,45,180,6,False
746,571,sdv-id-746,Steel,Fighting,538,20,185,90,107,149,71,4,False
747,716,sdv-id-747,Rock,Fire,780,114,108,121,139,146,75,6,True
748,478,sdv-id-748,Steel,Poison,514,11,112,109,96,50,166,2,False
749,40,sdv-id-749,Grass,,298,5,34,54,40,26,175,6,False
750,457,sdv-id-750,Fighting,,268,34,104,100,80,44,180,6,False
751,721,sdv-id-751,Water,Flying,313,11,53,64,77,20,69,3,False
752,1,sdv-id-752,Dragon,Poison,719,82,171,49,101,71,125,5,False
753,65,sdv-id-753,Ground,Ice,436,46,190,97,112,107,121,2,True
754,163,sdv-id-754,Psychic,,439,43,45,85,10,20,93,1,False
755,403,sdv-id-755,Flying,,482,5,53,103,103,52,96,2,True
756,361,sdv-id-756,Bug,,380,40,31,101,187,123,95,2,False
757,650,sdv-id-757,Water,Water,478,4,101,61,50,133,72,5,False
758,693,sdv-id-758,Water,Normal,696,28,94,155,88,73,92,3,False
759,721,sdv-id-759,Bug,Fairy,310,63,88,93,20,72,74,4,True
760,498,sdv-id-760,Fairy,,446,37,7,82,194,56,136,2,False
761,509,sdv-id-761,Ground,Dragon,780,39,109,142,152,52,119,2,True
762,50,sdv-id-762,Dragon,,780,72,108,77,91,129,139,5,True
763,386,sdv-id-763,Electric,,498,33,47,94,113,28,65,1,False
764,596,sdv-id-764,Bug,Flying,535,48,55,143,91,95,142,3,True
765,489,sdv-id-765,Dragon,Psychic,491,48,121,230,50,27,148,3,True
766,331,sdv-id-766,Dark,Ghost,541,87,60,48,82,85,180,2,False
767,1,sdv-id-767,Fighting,Ground,499,26,131,95,80,49,135,3,False
768,697,sdv-id-768,Poison,Fire,307,5,84,69,70,47,158,5,False
769,404,sdv-id-769,Water,Flying,193,55,64,69,58,59,114,3,False
770,24,sdv-id-770,Water,Flying,180,25,66,42,62,54,68,5,False
771,102,sdv-id-771,Fairy,,515,38,59,90,85,55,100,3,False
772,69,sdv-id-772,Psychic,Steel,520,27,174,75,96,67,180,5,False
773,153,sdv-id-773,Bug,Flying,495,60,58,95,100,88,124,2,False
774,297,sdv-id-774,Rock,Dragon,296,16,78,114,194,57,82,4,False
775,331,sdv-id-775,Normal,,469,36,5,86,25,39,116,1,False
776,632,sdv-id-776,Grass,Psychic,560,9,140,230,136,40,120,1,False
777,168,sdv-id-777,Electric,,656,72,81,99,90,47,99,1,True
778,325,sdv-id-778,Fire,Dark,701,62,95,140,153,97,180,3,True
779,465,sdv-id-779,Steel,,247,35,12,61,134,70,69,4,False
780,719,sdv-id-780,Ice,Flying,596,56,137,52,42,72,89,3,True
781,434,sdv-id-781,Bug,Water,201,40,53,117,136,75,133,4,False
782,1,sdv-id-782,Fighting,Water,378,55,190,87,21,83,95,4,False
783,628,sdv-id-783,Electric,,605,74,108,73,135,85,102,6,False
784,721,sdv-id-784,Dragon,Rock,382,9,36,103,75,35,180,2,False
785,111,sdv-id-785,Fairy,Flying,596,73,47,140,192,63,129,3,False
786,89,sdv-id-786,Steel,Dark,780,32,82,79,180,51,146,5,False
787,388,sdv-id-787,Dark,Ground,411,41,5,25,76,35,120,1,False
788,206,sdv-id-788,Water,,499,1,48,106,56,21,116,5,False
789,305,sdv-id-789,Bug,,240,31,34,157,54,23,140,3,False
790,358,sdv-id-790,Water,Fairy,180,16,60,71,41,26,99,1,False
791,71,sdv-id-791,Bug,,410,21,108,98,41,20,167,2,False
792,191,sdv-id-792,Psychic,Ice,436,10,84,88,105,44,19,2,False
793,461,sdv-id-793,Electric,,485,44,52,99,194,60,136,3,False
794,227,sdv-id-794,Water,,504,32,56,109,96,118,125,3,True
795,274,sdv-id-795,Grass,Fairy,300,46,100,102,53,20,65,6,False
796,721,sdv-id-796,Water,Flying,494,10,88,69,194,20,148,3,False
797,89,sdv-id-797,Rock,Fighting,540,43,124,94,88,46,155,1,True
798,275,sdv-id-798,Rock,,442,38,61,185,87,106,124,4,False
799,263,sdv-id-799,Bug,Psychic,549,10,112,55,194,33,77,5,False
